id,firstname,lastname,email,email2,profession
100,Caressa,Lalitta,Caressa.Lalitta@yopmail.com,Caressa.Lalitta@gmail.com,police officer
101,Dacia,Zuzana,Dacia.Zuzana@yopmail.com,Dacia.Zuzana@gmail.com,worker
102,Miquela,Sammons,Miquela.Sammons@yopmail.com,Miquela.Sammons@gmail.com,worker
103,Kathi,Halla,Kathi.Halla@yopmail.com,Kathi.Halla@gmail.com,worker
104,Georgetta,Kannry,Georgetta.Kannry@yopmail.com,Georgetta.Kannry@gmail.com,firefighter
105,Nessie,Ietta,Nessie.Ietta@yopmail.com,Nessie.Ietta@gmail.com,doctor
106,Isa,Scammon,Isa.Scammon@yopmail.com,Isa.Scammon@gmail.com,developer
107,Giustina,Ailyn,Giustina.Ailyn@yopmail.com,Giustina.Ailyn@gmail.com,police officer
108,Regina,Genna,Regina.Genna@yopmail.com,Regina.Genna@gmail.com,developer
109,Tori,Anyah,Tori.Anyah@yopmail.com,Tori.Anyah@gmail.com,worker
110,Jere,Noam,Jere.Noam@yopmail.com,Jere.Noam@gmail.com,firefighter
111,Cherrita,Abram,Cherrita.Abram@yopmail.com,Cherrita.Abram@gmail.com,developer
112,Chickie,Ambrosia,Chickie.Ambrosia@yopmail.com,Chickie.Ambrosia@gmail.com,doctor
113,Lynde,Vary,Lynde.Vary@yopmail.com,Lynde.Vary@gmail.com,police officer
114,Adelle,Cottle,Adelle.Cottle@yopmail.com,Adelle.Cottle@gmail.com,doctor
115,Tani,Stuart,Tani.Stuart@yopmail.com,Tani.Stuart@gmail.com,police officer
116,Renae,Center,Renae.Center@yopmail.com,Renae.Center@gmail.com,firefighter
117,Iseabal,Bryna,Iseabal.Bryna@yopmail.com,Iseabal.Bryna@gmail.com,worker
118,Blinni,Japeth,Blinni.Japeth@yopmail.com,Blinni.Japeth@gmail.com,doctor
119,Roseline,McNully,Roseline.McNully@yopmail.com,Roseline.McNully@gmail.com,developer
120,Lanae,Goth,Lanae.Goth@yopmail.com,Lanae.Goth@gmail.com,doctor
121,Amii,Hermes,Amii.Hermes@yopmail.com,Amii.Hermes@gmail.com,doctor
122,Annabela,Riva,Annabela.Riva@yopmail.com,Annabela.Riva@gmail.com,police officer
123,Bobbi,Bandeen,Bobbi.Bandeen@yopmail.com,Bobbi.Bandeen@gmail.com,doctor
124,Noelle,Vins,Noelle.Vins@yopmail.com,Noelle.Vins@gmail.com,doctor
125,Ofilia,Zeeba,Ofilia.Zeeba@yopmail.com,Ofilia.Zeeba@gmail.com,worker
126,Claudina,Tice,Claudina.Tice@yopmail.com,Claudina.Tice@gmail.com,doctor
127,Cacilie,Konyn,Cacilie.Konyn@yopmail.com,Cacilie.Konyn@gmail.com,doctor
128,Ada,Jary,Ada.Jary@yopmail.com,Ada.Jary@gmail.com,worker
129,Marita,Valerio,Marita.Valerio@yopmail.com,Marita.Valerio@gmail.com,doctor
130,Danny,Levey,Danny.Levey@yopmail.com,Danny.Levey@gmail.com,doctor
131,Selma,Genna,Selma.Genna@yopmail.com,Selma.Genna@gmail.com,developer
132,Tarra,Tremayne,Tarra.Tremayne@yopmail.com,Tarra.Tremayne@gmail.com,police officer
133,Desirae,Vacuva,Desirae.Vacuva@yopmail.com,Desirae.Vacuva@gmail.com,developer
134,Orelia,Fennessy,Orelia.Fennessy@yopmail.com,Orelia.Fennessy@gmail.com,developer
135,Rubie,Ephrem,Rubie.Ephrem@yopmail.com,Rubie.Ephrem@gmail.com,worker
136,Coral,Sothena,Coral.Sothena@yopmail.com,Coral.Sothena@gmail.com,firefighter
137,Olwen,Olympium,Olwen.Olympium@yopmail.com,Olwen.Olympium@gmail.com,police officer
138,Ilse,Alice,Ilse.Alice@yopmail.com,Ilse.Alice@gmail.com,developer
139,Ashlee,Dorothy,Ashlee.Dorothy@yopmail.com,Ashlee.Dorothy@gmail.com,doctor
140,Sarette,Percy,Sarette.Percy@yopmail.com,Sarette.Percy@gmail.com,firefighter
141,Stacey,Wyn,Stacey.Wyn@yopmail.com,Stacey.Wyn@gmail.com,firefighter
142,Jorry,Lindemann,Jorry.Lindemann@yopmail.com,Jorry.Lindemann@gmail.com,doctor
143,Celisse,Rogerio,Celisse.Rogerio@yopmail.com,Celisse.Rogerio@gmail.com,doctor
144,Joeann,Holtz,Joeann.Holtz@yopmail.com,Joeann.Holtz@gmail.com,doctor
145,Ellette,Judye,Ellette.Judye@yopmail.com,Ellette.Judye@gmail.com,firefighter
146,Annora,Kunin,Annora.Kunin@yopmail.com,Annora.Kunin@gmail.com,worker
147,Lory,Linskey,Lory.Linskey@yopmail.com,Lory.Linskey@gmail.com,firefighter
148,Ellette,Kosey,Ellette.Kosey@yopmail.com,Ellette.Kosey@gmail.com,worker
149,Margalo,Behre,Margalo.Behre@yopmail.com,Margalo.Behre@gmail.com,developer
150,Aigneis,Thilda,Aigneis.Thilda@yopmail.com,Aigneis.Thilda@gmail.com,developer
151,Abbie,Phaidra,Abbie.Phaidra@yopmail.com,Abbie.Phaidra@gmail.com,worker
152,Drucie,Morrill,Drucie.Morrill@yopmail.com,Drucie.Morrill@gmail.com,developer
153,Christian,Middleton,Christian.Middleton@yopmail.com,Christian.Middleton@gmail.com,firefighter
154,Tracey,Pond,Tracey.Pond@yopmail.com,Tracey.Pond@gmail.com,firefighter
155,Louella,Wooster,Louella.Wooster@yopmail.com,Louella.Wooster@gmail.com,doctor
156,Brynna,Leary,Brynna.Leary@yopmail.com,Brynna.Leary@gmail.com,developer
157,Kate,Shuler,Kate.Shuler@yopmail.com,Kate.Shuler@gmail.com,worker
158,Celisse,Dash,Celisse.Dash@yopmail.com,Celisse.Dash@gmail.com,worker
159,Eve,Gamaliel,Eve.Gamaliel@yopmail.com,Eve.Gamaliel@gmail.com,police officer
160,Rebeca,Garlinda,Rebeca.Garlinda@yopmail.com,Rebeca.Garlinda@gmail.com,doctor
161,Kristan,Telfer,Kristan.Telfer@yopmail.com,Kristan.Telfer@gmail.com,doctor
162,Phylis,Arvo,Phylis.Arvo@yopmail.com,Phylis.Arvo@gmail.com,police officer
163,Benita,Payson,Benita.Payson@yopmail.com,Benita.Payson@gmail.com,police officer
164,Magdalena,Hull,Magdalena.Hull@yopmail.com,Magdalena.Hull@gmail.com,worker
165,Letizia,Sawtelle,Letizia.Sawtelle@yopmail.com,Letizia.Sawtelle@gmail.com,firefighter
166,Mariele,Joni,Mariele.Joni@yopmail.com,Mariele.Joni@gmail.com,worker
167,Cristabel,Anis,Cristabel.Anis@yopmail.com,Cristabel.Anis@gmail.com,worker
168,Sindee,Ader,Sindee.Ader@yopmail.com,Sindee.Ader@gmail.com,developer
169,Alleen,Jillane,Alleen.Jillane@yopmail.com,Alleen.Jillane@gmail.com,doctor
170,Maurene,Clywd,Maurene.Clywd@yopmail.com,Maurene.Clywd@gmail.com,worker
171,Layla,Elsinore,Layla.Elsinore@yopmail.com,Layla.Elsinore@gmail.com,doctor
172,Clo,Olympium,Clo.Olympium@yopmail.com,Clo.Olympium@gmail.com,developer
173,Elora,Paine,Elora.Paine@yopmail.com,Elora.Paine@gmail.com,police officer
174,Loree,Ralfston,Loree.Ralfston@yopmail.com,Loree.Ralfston@gmail.com,firefighter
175,Merle,Dowski,Merle.Dowski@yopmail.com,Merle.Dowski@gmail.com,doctor
176,Christy,Telfer,Christy.Telfer@yopmail.com,Christy.Telfer@gmail.com,developer
177,Kirstin,Bronk,Kirstin.Bronk@yopmail.com,Kirstin.Bronk@gmail.com,developer
178,Arlena,Vorster,Arlena.Vorster@yopmail.com,Arlena.Vorster@gmail.com,doctor
179,Ardenia,Aaberg,Ardenia.Aaberg@yopmail.com,Ardenia.Aaberg@gmail.com,police officer
180,Sadie,Hirsch,Sadie.Hirsch@yopmail.com,Sadie.Hirsch@gmail.com,worker
181,Rozele,Gahl,Rozele.Gahl@yopmail.com,Rozele.Gahl@gmail.com,developer
182,Harmonia,Aldric,Harmonia.Aldric@yopmail.com,Harmonia.Aldric@gmail.com,worker
183,Linzy,Philipp,Linzy.Philipp@yopmail.com,Linzy.Philipp@gmail.com,firefighter
184,Stephanie,Hertzfeld,Stephanie.Hertzfeld@yopmail.com,Stephanie.Hertzfeld@gmail.com,police officer
185,Beatriz,Alwin,Beatriz.Alwin@yopmail.com,Beatriz.Alwin@gmail.com,firefighter
186,Rani,Francene,Rani.Francene@yopmail.com,Rani.Francene@gmail.com,firefighter
187,Tracey,Montgomery,Tracey.Montgomery@yopmail.com,Tracey.Montgomery@gmail.com,police officer
188,Cacilie,Hermes,Cacilie.Hermes@yopmail.com,Cacilie.Hermes@gmail.com,developer
189,Ruthe,Lewes,Ruthe.Lewes@yopmail.com,Ruthe.Lewes@gmail.com,doctor
190,Selia,Mallon,Selia.Mallon@yopmail.com,Selia.Mallon@gmail.com,worker
191,Gratia,Elvyn,Gratia.Elvyn@yopmail.com,Gratia.Elvyn@gmail.com,police officer
192,Eve,Havens,Eve.Havens@yopmail.com,Eve.Havens@gmail.com,firefighter
193,Jean,Evangelia,Jean.Evangelia@yopmail.com,Jean.Evangelia@gmail.com,firefighter
194,Bobinette,Mayeda,Bobinette.Mayeda@yopmail.com,Bobinette.Mayeda@gmail.com,doctor
195,Nikki,Monaco,Nikki.Monaco@yopmail.com,Nikki.Monaco@gmail.com,police officer
196,Yolane,McNully,Yolane.McNully@yopmail.com,Yolane.McNully@gmail.com,developer
197,Jemie,Pierette,Jemie.Pierette@yopmail.com,Jemie.Pierette@gmail.com,worker
198,Collen,Millda,Collen.Millda@yopmail.com,Collen.Millda@gmail.com,developer
199,Carree,Yuille,Carree.Yuille@yopmail.com,Carree.Yuille@gmail.com,worker
200,Dari,Milson,Dari.Milson@yopmail.com,Dari.Milson@gmail.com,police officer
201,Norine,Schonfeld,Norine.Schonfeld@yopmail.com,Norine.Schonfeld@gmail.com,developer
202,Pierette,Zola,Pierette.Zola@yopmail.com,Pierette.Zola@gmail.com,firefighter
203,June,Tremayne,June.Tremayne@yopmail.com,June.Tremayne@gmail.com,worker
204,Alyssa,Virgin,Alyssa.Virgin@yopmail.com,Alyssa.Virgin@gmail.com,worker
205,Melina,Demitria,Melina.Demitria@yopmail.com,Melina.Demitria@gmail.com,doctor
206,Rhea,Hailee,Rhea.Hailee@yopmail.com,Rhea.Hailee@gmail.com,worker
207,Claresta,Ovid,Claresta.Ovid@yopmail.com,Claresta.Ovid@gmail.com,police officer
208,Gretal,Dermott,Gretal.Dermott@yopmail.com,Gretal.Dermott@gmail.com,firefighter
209,Tina,Tomasina,Tina.Tomasina@yopmail.com,Tina.Tomasina@gmail.com,worker
210,Kenna,Chick,Kenna.Chick@yopmail.com,Kenna.Chick@gmail.com,firefighter
211,Caressa,Wittie,Caressa.Wittie@yopmail.com,Caressa.Wittie@gmail.com,firefighter
212,Cathie,Kat,Cathie.Kat@yopmail.com,Cathie.Kat@gmail.com,worker
213,Bernardine,Fosque,Bernardine.Fosque@yopmail.com,Bernardine.Fosque@gmail.com,doctor
214,Paule,Cornelia,Paule.Cornelia@yopmail.com,Paule.Cornelia@gmail.com,firefighter
215,Ana,Even,Ana.Even@yopmail.com,Ana.Even@gmail.com,police officer
216,Gui,Chandler,Gui.Chandler@yopmail.com,Gui.Chandler@gmail.com,worker
217,Brianna,Demitria,Brianna.Demitria@yopmail.com,Brianna.Demitria@gmail.com,firefighter
218,Peri,Oriana,Peri.Oriana@yopmail.com,Peri.Oriana@gmail.com,doctor
219,Cristine,Stover,Cristine.Stover@yopmail.com,Cristine.Stover@gmail.com,developer
220,Ruthe,Maurine,Ruthe.Maurine@yopmail.com,Ruthe.Maurine@gmail.com,firefighter
221,Cyndie,Mozelle,Cyndie.Mozelle@yopmail.com,Cyndie.Mozelle@gmail.com,firefighter
222,Karina,Ietta,Karina.Ietta@yopmail.com,Karina.Ietta@gmail.com,police officer
223,Lexine,Land,Lexine.Land@yopmail.com,Lexine.Land@gmail.com,developer
224,Nadine,Rheingold,Nadine.Rheingold@yopmail.com,Nadine.Rheingold@gmail.com,police officer
225,Jan,Decato,Jan.Decato@yopmail.com,Jan.Decato@gmail.com,doctor
226,Libbie,Kare,Libbie.Kare@yopmail.com,Libbie.Kare@gmail.com,developer
227,Mallory,Carri,Mallory.Carri@yopmail.com,Mallory.Carri@gmail.com,worker
228,Stevana,Reneta,Stevana.Reneta@yopmail.com,Stevana.Reneta@gmail.com,worker
229,Merle,Lasley,Merle.Lasley@yopmail.com,Merle.Lasley@gmail.com,developer
230,Codie,Dielu,Codie.Dielu@yopmail.com,Codie.Dielu@gmail.com,worker
231,Vita,Kiersten,Vita.Kiersten@yopmail.com,Vita.Kiersten@gmail.com,developer
232,Jillayne,Dunkin,Jillayne.Dunkin@yopmail.com,Jillayne.Dunkin@gmail.com,doctor
233,Jemie,Euridice,Jemie.Euridice@yopmail.com,Jemie.Euridice@gmail.com,firefighter
234,Max,Capello,Max.Capello@yopmail.com,Max.Capello@gmail.com,worker
235,Edee,Kussell,Edee.Kussell@yopmail.com,Edee.Kussell@gmail.com,firefighter
236,Julieta,Meter,Julieta.Meter@yopmail.com,Julieta.Meter@gmail.com,developer
237,Desirae,Leifeste,Desirae.Leifeste@yopmail.com,Desirae.Leifeste@gmail.com,worker
238,Halette,Docilla,Halette.Docilla@yopmail.com,Halette.Docilla@gmail.com,developer
239,Trixi,Lymann,Trixi.Lymann@yopmail.com,Trixi.Lymann@gmail.com,doctor
240,Lorne,Baudin,Lorne.Baudin@yopmail.com,Lorne.Baudin@gmail.com,doctor
241,Kelly,Larochelle,Kelly.Larochelle@yopmail.com,Kelly.Larochelle@gmail.com,developer
242,Sheree,Wenoa,Sheree.Wenoa@yopmail.com,Sheree.Wenoa@gmail.com,police officer
243,Pollyanna,Cosenza,Pollyanna.Cosenza@yopmail.com,Pollyanna.Cosenza@gmail.com,firefighter
244,Henriette,Atonsah,Henriette.Atonsah@yopmail.com,Henriette.Atonsah@gmail.com,firefighter
245,Vinita,Nunci,Vinita.Nunci@yopmail.com,Vinita.Nunci@gmail.com,firefighter
246,Kerrin,Demitria,Kerrin.Demitria@yopmail.com,Kerrin.Demitria@gmail.com,doctor
247,Talya,Ephrem,Talya.Ephrem@yopmail.com,Talya.Ephrem@gmail.com,firefighter
248,Lorenza,Cornelia,Lorenza.Cornelia@yopmail.com,Lorenza.Cornelia@gmail.com,police officer
249,Hildegaard,Chaing,Hildegaard.Chaing@yopmail.com,Hildegaard.Chaing@gmail.com,police officer
250,Etta,Means,Etta.Means@yopmail.com,Etta.Means@gmail.com,police officer
251,Myrtice,Juliet,Myrtice.Juliet@yopmail.com,Myrtice.Juliet@gmail.com,police officer
252,Rhoda,Boycey,Rhoda.Boycey@yopmail.com,Rhoda.Boycey@gmail.com,worker
253,Ardenia,Kazimir,Ardenia.Kazimir@yopmail.com,Ardenia.Kazimir@gmail.com,police officer
254,Lizzie,Swanhildas,Lizzie.Swanhildas@yopmail.com,Lizzie.Swanhildas@gmail.com,worker
255,Libbie,Argus,Libbie.Argus@yopmail.com,Libbie.Argus@gmail.com,developer
256,Gwenneth,Goerke,Gwenneth.Goerke@yopmail.com,Gwenneth.Goerke@gmail.com,doctor
257,Eve,Gaal,Eve.Gaal@yopmail.com,Eve.Gaal@gmail.com,worker
258,Dorthy,Hertzfeld,Dorthy.Hertzfeld@yopmail.com,Dorthy.Hertzfeld@gmail.com,worker
259,Suzette,Kendrick,Suzette.Kendrick@yopmail.com,Suzette.Kendrick@gmail.com,worker
260,Asia,Ambrosia,Asia.Ambrosia@yopmail.com,Asia.Ambrosia@gmail.com,developer
261,Ingrid,Meli,Ingrid.Meli@yopmail.com,Ingrid.Meli@gmail.com,doctor
262,Rebeca,Dash,Rebeca.Dash@yopmail.com,Rebeca.Dash@gmail.com,developer
263,Ernesta,Dudley,Ernesta.Dudley@yopmail.com,Ernesta.Dudley@gmail.com,developer
264,Robbi,Sammons,Robbi.Sammons@yopmail.com,Robbi.Sammons@gmail.com,police officer
265,Aubrie,Suk,Aubrie.Suk@yopmail.com,Aubrie.Suk@gmail.com,firefighter
266,Rochette,Othilia,Rochette.Othilia@yopmail.com,Rochette.Othilia@gmail.com,worker
267,Kamilah,Korey,Kamilah.Korey@yopmail.com,Kamilah.Korey@gmail.com,police officer
268,Nataline,Tatianas,Nataline.Tatianas@yopmail.com,Nataline.Tatianas@gmail.com,doctor
269,Carmencita,Wilkinson,Carmencita.Wilkinson@yopmail.com,Carmencita.Wilkinson@gmail.com,police officer
270,Frances,Mallon,Frances.Mallon@yopmail.com,Frances.Mallon@gmail.com,doctor
271,Aaren,Nerita,Aaren.Nerita@yopmail.com,Aaren.Nerita@gmail.com,police officer
272,Monika,Hirsch,Monika.Hirsch@yopmail.com,Monika.Hirsch@gmail.com,worker
273,Georgina,Darbie,Georgina.Darbie@yopmail.com,Georgina.Darbie@gmail.com,developer
274,Shaine,Alabaster,Shaine.Alabaster@yopmail.com,Shaine.Alabaster@gmail.com,worker
275,Asia,Raama,Asia.Raama@yopmail.com,Asia.Raama@gmail.com,worker
276,Evita,Christine,Evita.Christine@yopmail.com,Evita.Christine@gmail.com,developer
277,Sharlene,Tengdin,Sharlene.Tengdin@yopmail.com,Sharlene.Tengdin@gmail.com,worker
278,Theodora,Schalles,Theodora.Schalles@yopmail.com,Theodora.Schalles@gmail.com,developer
279,Sybille,Noman,Sybille.Noman@yopmail.com,Sybille.Noman@gmail.com,police officer
280,Teddie,Uund,Teddie.Uund@yopmail.com,Teddie.Uund@gmail.com,doctor
281,Zaria,Craggie,Zaria.Craggie@yopmail.com,Zaria.Craggie@gmail.com,developer
282,Kaia,Donoghue,Kaia.Donoghue@yopmail.com,Kaia.Donoghue@gmail.com,firefighter
283,Shaylyn,Kamaria,Shaylyn.Kamaria@yopmail.com,Shaylyn.Kamaria@gmail.com,firefighter
284,Janenna,Maryanne,Janenna.Maryanne@yopmail.com,Janenna.Maryanne@gmail.com,worker
285,Gavrielle,Mehalek,Gavrielle.Mehalek@yopmail.com,Gavrielle.Mehalek@gmail.com,doctor
286,Elsie,Ammann,Elsie.Ammann@yopmail.com,Elsie.Ammann@gmail.com,worker
287,Dorthy,Buffum,Dorthy.Buffum@yopmail.com,Dorthy.Buffum@gmail.com,police officer
288,Leona,Lilas,Leona.Lilas@yopmail.com,Leona.Lilas@gmail.com,worker
289,Kimberley,Margarete,Kimberley.Margarete@yopmail.com,Kimberley.Margarete@gmail.com,worker
290,Tani,Grosz,Tani.Grosz@yopmail.com,Tani.Grosz@gmail.com,police officer
291,Dione,Clara,Dione.Clara@yopmail.com,Dione.Clara@gmail.com,firefighter
292,Tabbatha,Remmer,Tabbatha.Remmer@yopmail.com,Tabbatha.Remmer@gmail.com,firefighter
293,Barbi,Honoria,Barbi.Honoria@yopmail.com,Barbi.Honoria@gmail.com,doctor
294,Harmonia,Leonard,Harmonia.Leonard@yopmail.com,Harmonia.Leonard@gmail.com,developer
295,Grier,Fiann,Grier.Fiann@yopmail.com,Grier.Fiann@gmail.com,firefighter
296,Janis,Dash,Janis.Dash@yopmail.com,Janis.Dash@gmail.com,developer
297,Roberta,Nahum,Roberta.Nahum@yopmail.com,Roberta.Nahum@gmail.com,police officer
298,Jessamyn,Rurik,Jessamyn.Rurik@yopmail.com,Jessamyn.Rurik@gmail.com,worker
299,Pierette,Thad,Pierette.Thad@yopmail.com,Pierette.Thad@gmail.com,firefighter
300,Tera,Flita,Tera.Flita@yopmail.com,Tera.Flita@gmail.com,worker
301,Florie,Weide,Florie.Weide@yopmail.com,Florie.Weide@gmail.com,developer
302,Elvira,Noam,Elvira.Noam@yopmail.com,Elvira.Noam@gmail.com,doctor
303,Wynne,Christal,Wynne.Christal@yopmail.com,Wynne.Christal@gmail.com,worker
304,Alyda,Levey,Alyda.Levey@yopmail.com,Alyda.Levey@gmail.com,developer
305,Antonietta,Haymes,Antonietta.Haymes@yopmail.com,Antonietta.Haymes@gmail.com,police officer
306,Ardenia,Gahl,Ardenia.Gahl@yopmail.com,Ardenia.Gahl@gmail.com,police officer
307,Alie,Rogerio,Alie.Rogerio@yopmail.com,Alie.Rogerio@gmail.com,doctor
308,Rebeca,Markman,Rebeca.Markman@yopmail.com,Rebeca.Markman@gmail.com,police officer
309,Kelly,Bashemeth,Kelly.Bashemeth@yopmail.com,Kelly.Bashemeth@gmail.com,doctor
310,Farrah,Karylin,Farrah.Karylin@yopmail.com,Farrah.Karylin@gmail.com,worker
311,Gretal,Clie,Gretal.Clie@yopmail.com,Gretal.Clie@gmail.com,worker
312,Paola,Juan,Paola.Juan@yopmail.com,Paola.Juan@gmail.com,police officer
313,Phedra,Ries,Phedra.Ries@yopmail.com,Phedra.Ries@gmail.com,firefighter
314,Catharine,Emmaline,Catharine.Emmaline@yopmail.com,Catharine.Emmaline@gmail.com,firefighter
315,Augustine,Candy,Augustine.Candy@yopmail.com,Augustine.Candy@gmail.com,worker
316,Marline,Faso,Marline.Faso@yopmail.com,Marline.Faso@gmail.com,doctor
317,Katleen,Harned,Katleen.Harned@yopmail.com,Katleen.Harned@gmail.com,police officer
318,Chrystel,Janene,Chrystel.Janene@yopmail.com,Chrystel.Janene@gmail.com,firefighter
319,Candi,Jary,Candi.Jary@yopmail.com,Candi.Jary@gmail.com,developer
320,Juliane,Bobbee,Juliane.Bobbee@yopmail.com,Juliane.Bobbee@gmail.com,firefighter
321,Binny,Burnside,Binny.Burnside@yopmail.com,Binny.Burnside@gmail.com,developer
322,Bill,Allys,Bill.Allys@yopmail.com,Bill.Allys@gmail.com,police officer
323,Sidoney,Oneida,Sidoney.Oneida@yopmail.com,Sidoney.Oneida@gmail.com,police officer
324,Stephanie,Forrer,Stephanie.Forrer@yopmail.com,Stephanie.Forrer@gmail.com,police officer
325,Cyndie,Raseda,Cyndie.Raseda@yopmail.com,Cyndie.Raseda@gmail.com,worker
326,Liana,Karylin,Liana.Karylin@yopmail.com,Liana.Karylin@gmail.com,worker
327,Babita,Lareena,Babita.Lareena@yopmail.com,Babita.Lareena@gmail.com,developer
328,Thalia,Mendez,Thalia.Mendez@yopmail.com,Thalia.Mendez@gmail.com,police officer
329,Diena,Giule,Diena.Giule@yopmail.com,Diena.Giule@gmail.com,developer
330,Cathie,Cottle,Cathie.Cottle@yopmail.com,Cathie.Cottle@gmail.com,firefighter
331,Georgetta,Dunkin,Georgetta.Dunkin@yopmail.com,Georgetta.Dunkin@gmail.com,firefighter
332,Marylou,Schalles,Marylou.Schalles@yopmail.com,Marylou.Schalles@gmail.com,police officer
333,Marita,McCutcheon,Marita.McCutcheon@yopmail.com,Marita.McCutcheon@gmail.com,firefighter
334,Kristan,Chesna,Kristan.Chesna@yopmail.com,Kristan.Chesna@gmail.com,doctor
335,Hermione,Felizio,Hermione.Felizio@yopmail.com,Hermione.Felizio@gmail.com,firefighter
336,Amara,Oster,Amara.Oster@yopmail.com,Amara.Oster@gmail.com,police officer
337,Dede,Hirsch,Dede.Hirsch@yopmail.com,Dede.Hirsch@gmail.com,doctor
338,Violet,Raychel,Violet.Raychel@yopmail.com,Violet.Raychel@gmail.com,developer
339,Alameda,Hedve,Alameda.Hedve@yopmail.com,Alameda.Hedve@gmail.com,firefighter
340,Wanda,Nikaniki,Wanda.Nikaniki@yopmail.com,Wanda.Nikaniki@gmail.com,doctor
341,Lesly,Infield,Lesly.Infield@yopmail.com,Lesly.Infield@gmail.com,police officer
342,Angela,Allina,Angela.Allina@yopmail.com,Angela.Allina@gmail.com,worker
343,Livvyy,Keelia,Livvyy.Keelia@yopmail.com,Livvyy.Keelia@gmail.com,developer
344,Vonny,Birdella,Vonny.Birdella@yopmail.com,Vonny.Birdella@gmail.com,doctor
345,Karlee,Morehouse,Karlee.Morehouse@yopmail.com,Karlee.Morehouse@gmail.com,police officer
346,Charissa,Fredi,Charissa.Fredi@yopmail.com,Charissa.Fredi@gmail.com,doctor
347,Carmencita,Hubert,Carmencita.Hubert@yopmail.com,Carmencita.Hubert@gmail.com,police officer
348,Lelah,Hylan,Lelah.Hylan@yopmail.com,Lelah.Hylan@gmail.com,police officer
349,Catharine,Monk,Catharine.Monk@yopmail.com,Catharine.Monk@gmail.com,worker
350,Kate,Lane,Kate.Lane@yopmail.com,Kate.Lane@gmail.com,worker
351,Ursulina,Myrilla,Ursulina.Myrilla@yopmail.com,Ursulina.Myrilla@gmail.com,developer
352,Christian,Tryck,Christian.Tryck@yopmail.com,Christian.Tryck@gmail.com,police officer
353,Marjie,Japeth,Marjie.Japeth@yopmail.com,Marjie.Japeth@gmail.com,doctor
354,Jacenta,Concha,Jacenta.Concha@yopmail.com,Jacenta.Concha@gmail.com,doctor
355,Annecorinne,Killigrew,Annecorinne.Killigrew@yopmail.com,Annecorinne.Killigrew@gmail.com,police officer
356,Georgetta,Virgin,Georgetta.Virgin@yopmail.com,Georgetta.Virgin@gmail.com,developer
357,Starla,Skurnik,Starla.Skurnik@yopmail.com,Starla.Skurnik@gmail.com,police officer
358,Katharina,Schlosser,Katharina.Schlosser@yopmail.com,Katharina.Schlosser@gmail.com,police officer
359,Margarette,Cimbura,Margarette.Cimbura@yopmail.com,Margarette.Cimbura@gmail.com,developer
360,Aryn,Bennie,Aryn.Bennie@yopmail.com,Aryn.Bennie@gmail.com,doctor
361,Sue,Amethist,Sue.Amethist@yopmail.com,Sue.Amethist@gmail.com,doctor
362,Jorry,Alexandr,Jorry.Alexandr@yopmail.com,Jorry.Alexandr@gmail.com,developer
363,Rosanne,Dannye,Rosanne.Dannye@yopmail.com,Rosanne.Dannye@gmail.com,firefighter
364,Patricia,Deegan,Patricia.Deegan@yopmail.com,Patricia.Deegan@gmail.com,firefighter
365,Starla,August,Starla.August@yopmail.com,Starla.August@gmail.com,developer
366,Florencia,Lenny,Florencia.Lenny@yopmail.com,Florencia.Lenny@gmail.com,police officer
367,Florie,Janith,Florie.Janith@yopmail.com,Florie.Janith@gmail.com,police officer
368,Gavrielle,Morehouse,Gavrielle.Morehouse@yopmail.com,Gavrielle.Morehouse@gmail.com,developer
369,Madelle,Hillel,Madelle.Hillel@yopmail.com,Madelle.Hillel@gmail.com,police officer
370,Rubie,Lamoree,Rubie.Lamoree@yopmail.com,Rubie.Lamoree@gmail.com,worker
371,Shannah,Krystle,Shannah.Krystle@yopmail.com,Shannah.Krystle@gmail.com,firefighter
372,Merle,Socha,Merle.Socha@yopmail.com,Merle.Socha@gmail.com,police officer
373,Willetta,Eiser,Willetta.Eiser@yopmail.com,Willetta.Eiser@gmail.com,developer
374,Fidelia,Raul,Fidelia.Raul@yopmail.com,Fidelia.Raul@gmail.com,doctor
375,Chastity,Nikaniki,Chastity.Nikaniki@yopmail.com,Chastity.Nikaniki@gmail.com,firefighter
376,Romona,Letsou,Romona.Letsou@yopmail.com,Romona.Letsou@gmail.com,doctor
377,Teriann,Jarib,Teriann.Jarib@yopmail.com,Teriann.Jarib@gmail.com,doctor
378,Deane,Aloise,Deane.Aloise@yopmail.com,Deane.Aloise@gmail.com,police officer
379,Gilligan,Schlosser,Gilligan.Schlosser@yopmail.com,Gilligan.Schlosser@gmail.com,worker
380,Bill,Bebe,Bill.Bebe@yopmail.com,Bill.Bebe@gmail.com,firefighter
381,Xylina,Palocz,Xylina.Palocz@yopmail.com,Xylina.Palocz@gmail.com,police officer
382,Fredericka,Daegal,Fredericka.Daegal@yopmail.com,Fredericka.Daegal@gmail.com,firefighter
383,Roberta,Ludewig,Roberta.Ludewig@yopmail.com,Roberta.Ludewig@gmail.com,developer
384,Jaime,Telfer,Jaime.Telfer@yopmail.com,Jaime.Telfer@gmail.com,developer
385,Netty,O'Neill,Netty.O'Neill@yopmail.com,Netty.O'Neill@gmail.com,police officer
386,Misha,Travax,Misha.Travax@yopmail.com,Misha.Travax@gmail.com,doctor
387,Nikki,Cressida,Nikki.Cressida@yopmail.com,Nikki.Cressida@gmail.com,doctor
388,Olwen,Roxanna,Olwen.Roxanna@yopmail.com,Olwen.Roxanna@gmail.com,doctor
389,Viki,Merell,Viki.Merell@yopmail.com,Viki.Merell@gmail.com,developer
390,Constance,Karl,Constance.Karl@yopmail.com,Constance.Karl@gmail.com,developer
391,Reeba,Rudolph,Reeba.Rudolph@yopmail.com,Reeba.Rudolph@gmail.com,developer
392,Aurelie,Longfellow,Aurelie.Longfellow@yopmail.com,Aurelie.Longfellow@gmail.com,police officer
393,Lynnea,Burnside,Lynnea.Burnside@yopmail.com,Lynnea.Burnside@gmail.com,firefighter
394,Sadie,Wattenberg,Sadie.Wattenberg@yopmail.com,Sadie.Wattenberg@gmail.com,worker
395,Marinna,Sammons,Marinna.Sammons@yopmail.com,Marinna.Sammons@gmail.com,doctor
396,Shauna,Grimbly,Shauna.Grimbly@yopmail.com,Shauna.Grimbly@gmail.com,firefighter
397,Kayla,Malina,Kayla.Malina@yopmail.com,Kayla.Malina@gmail.com,doctor
398,Queenie,Oscar,Queenie.Oscar@yopmail.com,Queenie.Oscar@gmail.com,worker
399,Jackie,Idelia,Jackie.Idelia@yopmail.com,Jackie.Idelia@gmail.com,worker
400,Quintina,Erb,Quintina.Erb@yopmail.com,Quintina.Erb@gmail.com,doctor
401,Meriel,Leifeste,Meriel.Leifeste@yopmail.com,Meriel.Leifeste@gmail.com,police officer
402,Alameda,Cynar,Alameda.Cynar@yopmail.com,Alameda.Cynar@gmail.com,firefighter
403,Jsandye,Liebermann,Jsandye.Liebermann@yopmail.com,Jsandye.Liebermann@gmail.com,doctor
404,Elbertina,Astra,Elbertina.Astra@yopmail.com,Elbertina.Astra@gmail.com,developer
405,Jessamyn,Lory,Jessamyn.Lory@yopmail.com,Jessamyn.Lory@gmail.com,worker
406,Pollyanna,Jeanne,Pollyanna.Jeanne@yopmail.com,Pollyanna.Jeanne@gmail.com,worker
407,Mariann,Aprile,Mariann.Aprile@yopmail.com,Mariann.Aprile@gmail.com,police officer
408,Pierette,Nea,Pierette.Nea@yopmail.com,Pierette.Nea@gmail.com,police officer
409,Margarette,Hilbert,Margarette.Hilbert@yopmail.com,Margarette.Hilbert@gmail.com,firefighter
410,Linzy,Jammal,Linzy.Jammal@yopmail.com,Linzy.Jammal@gmail.com,police officer
411,Rubie,Chrystel,Rubie.Chrystel@yopmail.com,Rubie.Chrystel@gmail.com,doctor
412,Claudina,Hewitt,Claudina.Hewitt@yopmail.com,Claudina.Hewitt@gmail.com,firefighter
413,Lily,Phyllis,Lily.Phyllis@yopmail.com,Lily.Phyllis@gmail.com,firefighter
414,Katleen,Karylin,Katleen.Karylin@yopmail.com,Katleen.Karylin@gmail.com,developer
415,Kathy,Ball,Kathy.Ball@yopmail.com,Kathy.Ball@gmail.com,firefighter
416,Sophia,Belldas,Sophia.Belldas@yopmail.com,Sophia.Belldas@gmail.com,firefighter
417,Celestyna,Skurnik,Celestyna.Skurnik@yopmail.com,Celestyna.Skurnik@gmail.com,firefighter
418,Jsandye,Shaver,Jsandye.Shaver@yopmail.com,Jsandye.Shaver@gmail.com,developer
419,Gavrielle,Stover,Gavrielle.Stover@yopmail.com,Gavrielle.Stover@gmail.com,worker
420,Dulce,Fry,Dulce.Fry@yopmail.com,Dulce.Fry@gmail.com,firefighter
421,Iseabal,Annice,Iseabal.Annice@yopmail.com,Iseabal.Annice@gmail.com,police officer
422,Meghann,Candy,Meghann.Candy@yopmail.com,Meghann.Candy@gmail.com,developer
423,Babita,Jehu,Babita.Jehu@yopmail.com,Babita.Jehu@gmail.com,doctor
424,Belinda,Gombach,Belinda.Gombach@yopmail.com,Belinda.Gombach@gmail.com,developer
425,Adele,Amand,Adele.Amand@yopmail.com,Adele.Amand@gmail.com,worker
426,Ethel,Ethban,Ethel.Ethban@yopmail.com,Ethel.Ethban@gmail.com,worker
427,Florie,Mintz,Florie.Mintz@yopmail.com,Florie.Mintz@gmail.com,police officer
428,Willetta,Avi,Willetta.Avi@yopmail.com,Willetta.Avi@gmail.com,worker
429,Krystle,My,Krystle.My@yopmail.com,Krystle.My@gmail.com,police officer
430,Carlie,Christal,Carlie.Christal@yopmail.com,Carlie.Christal@gmail.com,doctor
431,Johna,Ball,Johna.Ball@yopmail.com,Johna.Ball@gmail.com,developer
432,Riannon,Alejoa,Riannon.Alejoa@yopmail.com,Riannon.Alejoa@gmail.com,firefighter
433,Jaime,Annabella,Jaime.Annabella@yopmail.com,Jaime.Annabella@gmail.com,firefighter
434,Brynna,Andrel,Brynna.Andrel@yopmail.com,Brynna.Andrel@gmail.com,police officer
435,Zondra,Kaja,Zondra.Kaja@yopmail.com,Zondra.Kaja@gmail.com,developer
436,Donetta,Telfer,Donetta.Telfer@yopmail.com,Donetta.Telfer@gmail.com,doctor
437,Melina,Levey,Melina.Levey@yopmail.com,Melina.Levey@gmail.com,developer
438,Carilyn,Han,Carilyn.Han@yopmail.com,Carilyn.Han@gmail.com,developer
439,Iseabal,Montgomery,Iseabal.Montgomery@yopmail.com,Iseabal.Montgomery@gmail.com,developer
440,Adele,Gordon,Adele.Gordon@yopmail.com,Adele.Gordon@gmail.com,doctor
441,Augustine,Maurine,Augustine.Maurine@yopmail.com,Augustine.Maurine@gmail.com,worker
442,Frances,Arne,Frances.Arne@yopmail.com,Frances.Arne@gmail.com,police officer
443,Basia,Kunin,Basia.Kunin@yopmail.com,Basia.Kunin@gmail.com,firefighter
444,Dede,Kiersten,Dede.Kiersten@yopmail.com,Dede.Kiersten@gmail.com,doctor
445,Tamqrah,Revkah,Tamqrah.Revkah@yopmail.com,Tamqrah.Revkah@gmail.com,doctor
446,Leona,Ailyn,Leona.Ailyn@yopmail.com,Leona.Ailyn@gmail.com,police officer
447,Claresta,Ezar,Claresta.Ezar@yopmail.com,Claresta.Ezar@gmail.com,firefighter
448,Emelina,Wareing,Emelina.Wareing@yopmail.com,Emelina.Wareing@gmail.com,worker
449,Kathy,Lilas,Kathy.Lilas@yopmail.com,Kathy.Lilas@gmail.com,doctor
450,Gisela,Lewes,Gisela.Lewes@yopmail.com,Gisela.Lewes@gmail.com,developer
451,Phylis,Hazlett,Phylis.Hazlett@yopmail.com,Phylis.Hazlett@gmail.com,police officer
452,Odessa,Pearse,Odessa.Pearse@yopmail.com,Odessa.Pearse@gmail.com,firefighter
453,Nickie,Irmine,Nickie.Irmine@yopmail.com,Nickie.Irmine@gmail.com,police officer
454,Grier,Hylan,Grier.Hylan@yopmail.com,Grier.Hylan@gmail.com,police officer
455,Jolyn,Hamil,Jolyn.Hamil@yopmail.com,Jolyn.Hamil@gmail.com,worker
456,Shaine,Kare,Shaine.Kare@yopmail.com,Shaine.Kare@gmail.com,police officer
457,Julieta,Anderea,Julieta.Anderea@yopmail.com,Julieta.Anderea@gmail.com,police officer
458,Myriam,Philipp,Myriam.Philipp@yopmail.com,Myriam.Philipp@gmail.com,police officer
459,Aigneis,Bethany,Aigneis.Bethany@yopmail.com,Aigneis.Bethany@gmail.com,worker
460,Carol-Jean,Irmine,Carol-Jean.Irmine@yopmail.com,Carol-Jean.Irmine@gmail.com,firefighter
461,Layla,Gamaliel,Layla.Gamaliel@yopmail.com,Layla.Gamaliel@gmail.com,police officer
462,Tonia,Han,Tonia.Han@yopmail.com,Tonia.Han@gmail.com,worker
463,Fayre,Ricki,Fayre.Ricki@yopmail.com,Fayre.Ricki@gmail.com,worker
464,Ada,Weide,Ada.Weide@yopmail.com,Ada.Weide@gmail.com,doctor
465,Justinn,Syd,Justinn.Syd@yopmail.com,Justinn.Syd@gmail.com,police officer
466,Ninnetta,Bluh,Ninnetta.Bluh@yopmail.com,Ninnetta.Bluh@gmail.com,firefighter
467,Rosabelle,Lea,Rosabelle.Lea@yopmail.com,Rosabelle.Lea@gmail.com,developer
468,Danika,Sheng,Danika.Sheng@yopmail.com,Danika.Sheng@gmail.com,doctor
469,Marguerite,Cosenza,Marguerite.Cosenza@yopmail.com,Marguerite.Cosenza@gmail.com,developer
470,Jean,Kimmie,Jean.Kimmie@yopmail.com,Jean.Kimmie@gmail.com,doctor
471,Phedra,Luhe,Phedra.Luhe@yopmail.com,Phedra.Luhe@gmail.com,worker
472,June,Leonard,June.Leonard@yopmail.com,June.Leonard@gmail.com,developer
473,Alameda,Old,Alameda.Old@yopmail.com,Alameda.Old@gmail.com,worker
474,Isa,Albertine,Isa.Albertine@yopmail.com,Isa.Albertine@gmail.com,worker
475,Marcy,Pearse,Marcy.Pearse@yopmail.com,Marcy.Pearse@gmail.com,developer
476,Brandise,Levey,Brandise.Levey@yopmail.com,Brandise.Levey@gmail.com,police officer
477,Lonnie,Chauncey,Lonnie.Chauncey@yopmail.com,Lonnie.Chauncey@gmail.com,police officer
478,Inga,Giff,Inga.Giff@yopmail.com,Inga.Giff@gmail.com,firefighter
479,Georgina,Cimbura,Georgina.Cimbura@yopmail.com,Georgina.Cimbura@gmail.com,developer
480,Stevana,Schenck,Stevana.Schenck@yopmail.com,Stevana.Schenck@gmail.com,developer
481,Annaliese,Janith,Annaliese.Janith@yopmail.com,Annaliese.Janith@gmail.com,worker
482,Fanchon,Tamar,Fanchon.Tamar@yopmail.com,Fanchon.Tamar@gmail.com,developer
483,Daryl,Loleta,Daryl.Loleta@yopmail.com,Daryl.Loleta@gmail.com,firefighter
484,Ernesta,Francyne,Ernesta.Francyne@yopmail.com,Ernesta.Francyne@gmail.com,police officer
485,Agnese,Llovera,Agnese.Llovera@yopmail.com,Agnese.Llovera@gmail.com,firefighter
486,Janis,Glovsky,Janis.Glovsky@yopmail.com,Janis.Glovsky@gmail.com,worker
487,Alleen,Berl,Alleen.Berl@yopmail.com,Alleen.Berl@gmail.com,firefighter
488,Adele,Chaing,Adele.Chaing@yopmail.com,Adele.Chaing@gmail.com,doctor
489,Danny,Schonfeld,Danny.Schonfeld@yopmail.com,Danny.Schonfeld@gmail.com,police officer
490,Meriel,Weinreb,Meriel.Weinreb@yopmail.com,Meriel.Weinreb@gmail.com,firefighter
491,Britte,Brian,Britte.Brian@yopmail.com,Britte.Brian@gmail.com,police officer
492,Nyssa,Couture,Nyssa.Couture@yopmail.com,Nyssa.Couture@gmail.com,police officer
493,Alisha,Liva,Alisha.Liva@yopmail.com,Alisha.Liva@gmail.com,worker
494,Pamella,Smitt,Pamella.Smitt@yopmail.com,Pamella.Smitt@gmail.com,police officer
495,Madelle,Burnside,Madelle.Burnside@yopmail.com,Madelle.Burnside@gmail.com,doctor
496,Latisha,Bandeen,Latisha.Bandeen@yopmail.com,Latisha.Bandeen@gmail.com,police officer
497,Heddie,Lytton,Heddie.Lytton@yopmail.com,Heddie.Lytton@gmail.com,developer
498,Cissiee,Mathilde,Cissiee.Mathilde@yopmail.com,Cissiee.Mathilde@gmail.com,firefighter
499,Ardeen,Saunderson,Ardeen.Saunderson@yopmail.com,Ardeen.Saunderson@gmail.com,doctor
500,Claresta,Baylor,Claresta.Baylor@yopmail.com,Claresta.Baylor@gmail.com,developer
501,Sissy,Turne,Sissy.Turne@yopmail.com,Sissy.Turne@gmail.com,doctor
502,Alie,Joachim,Alie.Joachim@yopmail.com,Alie.Joachim@gmail.com,worker
503,Vere,Love,Vere.Love@yopmail.com,Vere.Love@gmail.com,police officer
504,Tersina,Tannie,Tersina.Tannie@yopmail.com,Tersina.Tannie@gmail.com,developer
505,Monika,Rustice,Monika.Rustice@yopmail.com,Monika.Rustice@gmail.com,doctor
506,Celisse,Tomasina,Celisse.Tomasina@yopmail.com,Celisse.Tomasina@gmail.com,doctor
507,Addia,Georgy,Addia.Georgy@yopmail.com,Addia.Georgy@gmail.com,doctor
508,Celestyna,Greenwald,Celestyna.Greenwald@yopmail.com,Celestyna.Greenwald@gmail.com,police officer
509,Lucy,Erminia,Lucy.Erminia@yopmail.com,Lucy.Erminia@gmail.com,developer
510,Elora,Melleta,Elora.Melleta@yopmail.com,Elora.Melleta@gmail.com,doctor
511,Fayre,Yoko,Fayre.Yoko@yopmail.com,Fayre.Yoko@gmail.com,developer
512,Adriana,Neils,Adriana.Neils@yopmail.com,Adriana.Neils@gmail.com,developer
513,Raquela,Narton,Raquela.Narton@yopmail.com,Raquela.Narton@gmail.com,worker
514,Binny,Hanshaw,Binny.Hanshaw@yopmail.com,Binny.Hanshaw@gmail.com,developer
515,Josephine,Brandice,Josephine.Brandice@yopmail.com,Josephine.Brandice@gmail.com,police officer
516,Gerianna,Karylin,Gerianna.Karylin@yopmail.com,Gerianna.Karylin@gmail.com,developer
517,Teriann,Mata,Teriann.Mata@yopmail.com,Teriann.Mata@gmail.com,police officer
518,Carmela,Hermes,Carmela.Hermes@yopmail.com,Carmela.Hermes@gmail.com,worker
519,Marleah,Thar,Marleah.Thar@yopmail.com,Marleah.Thar@gmail.com,developer
520,Marjie,Reinke,Marjie.Reinke@yopmail.com,Marjie.Reinke@gmail.com,worker
521,Viki,Susannah,Viki.Susannah@yopmail.com,Viki.Susannah@gmail.com,doctor
522,Modestia,Han,Modestia.Han@yopmail.com,Modestia.Han@gmail.com,firefighter
523,Etta,Brittani,Etta.Brittani@yopmail.com,Etta.Brittani@gmail.com,police officer
524,Imojean,Truc,Imojean.Truc@yopmail.com,Imojean.Truc@gmail.com,firefighter
525,Ernesta,Zetta,Ernesta.Zetta@yopmail.com,Ernesta.Zetta@gmail.com,doctor
526,Kial,Suzetta,Kial.Suzetta@yopmail.com,Kial.Suzetta@gmail.com,firefighter
527,Lucy,Rad,Lucy.Rad@yopmail.com,Lucy.Rad@gmail.com,firefighter
528,Cyndie,Wesle,Cyndie.Wesle@yopmail.com,Cyndie.Wesle@gmail.com,doctor
529,Adore,Jarib,Adore.Jarib@yopmail.com,Adore.Jarib@gmail.com,developer
530,Briney,Azeria,Briney.Azeria@yopmail.com,Briney.Azeria@gmail.com,developer
531,Tatiania,Han,Tatiania.Han@yopmail.com,Tatiania.Han@gmail.com,police officer
532,Kerrin,Honoria,Kerrin.Honoria@yopmail.com,Kerrin.Honoria@gmail.com,doctor
533,Constance,Rogerio,Constance.Rogerio@yopmail.com,Constance.Rogerio@gmail.com,developer
534,Pierette,Astra,Pierette.Astra@yopmail.com,Pierette.Astra@gmail.com,doctor
535,Candi,Kalinda,Candi.Kalinda@yopmail.com,Candi.Kalinda@gmail.com,worker
536,Elora,Chabot,Elora.Chabot@yopmail.com,Elora.Chabot@gmail.com,doctor
537,Trudie,Schlosser,Trudie.Schlosser@yopmail.com,Trudie.Schlosser@gmail.com,developer
538,Gratia,Tayib,Gratia.Tayib@yopmail.com,Gratia.Tayib@gmail.com,developer
539,Emma,Salvidor,Emma.Salvidor@yopmail.com,Emma.Salvidor@gmail.com,worker
540,Rani,Euridice,Rani.Euridice@yopmail.com,Rani.Euridice@gmail.com,worker
541,Hermione,Hollingsworth,Hermione.Hollingsworth@yopmail.com,Hermione.Hollingsworth@gmail.com,firefighter
542,Susan,Magnolia,Susan.Magnolia@yopmail.com,Susan.Magnolia@gmail.com,doctor
543,Romona,Sammons,Romona.Sammons@yopmail.com,Romona.Sammons@gmail.com,worker
544,Dulcinea,Taima,Dulcinea.Taima@yopmail.com,Dulcinea.Taima@gmail.com,police officer
545,Laure,Abram,Laure.Abram@yopmail.com,Laure.Abram@gmail.com,worker
546,Lexine,Albertine,Lexine.Albertine@yopmail.com,Lexine.Albertine@gmail.com,firefighter
547,Ottilie,Wesle,Ottilie.Wesle@yopmail.com,Ottilie.Wesle@gmail.com,worker
548,Renie,Old,Renie.Old@yopmail.com,Renie.Old@gmail.com,firefighter
549,Margarette,Dash,Margarette.Dash@yopmail.com,Margarette.Dash@gmail.com,firefighter
550,Ann-Marie,Sikorski,Ann-Marie.Sikorski@yopmail.com,Ann-Marie.Sikorski@gmail.com,doctor
551,Ardenia,Brittani,Ardenia.Brittani@yopmail.com,Ardenia.Brittani@gmail.com,worker
552,Hettie,Fitzsimmons,Hettie.Fitzsimmons@yopmail.com,Hettie.Fitzsimmons@gmail.com,worker
553,Marleah,Cleavland,Marleah.Cleavland@yopmail.com,Marleah.Cleavland@gmail.com,firefighter
554,Sharai,Sasnett,Sharai.Sasnett@yopmail.com,Sharai.Sasnett@gmail.com,developer
555,Jsandye,McClimans,Jsandye.McClimans@yopmail.com,Jsandye.McClimans@gmail.com,worker
556,Nerta,Honoria,Nerta.Honoria@yopmail.com,Nerta.Honoria@gmail.com,doctor
557,Cacilie,Nikaniki,Cacilie.Nikaniki@yopmail.com,Cacilie.Nikaniki@gmail.com,police officer
558,Demetris,Lea,Demetris.Lea@yopmail.com,Demetris.Lea@gmail.com,firefighter
559,Mildrid,Stav,Mildrid.Stav@yopmail.com,Mildrid.Stav@gmail.com,doctor
560,Marinna,Hazlett,Marinna.Hazlett@yopmail.com,Marinna.Hazlett@gmail.com,developer
561,Blake,Phyllis,Blake.Phyllis@yopmail.com,Blake.Phyllis@gmail.com,doctor
562,Desirae,Riordan,Desirae.Riordan@yopmail.com,Desirae.Riordan@gmail.com,developer
563,Vinita,Florina,Vinita.Florina@yopmail.com,Vinita.Florina@gmail.com,developer
564,Sashenka,Kiyoshi,Sashenka.Kiyoshi@yopmail.com,Sashenka.Kiyoshi@gmail.com,doctor
565,Dorothy,Libna,Dorothy.Libna@yopmail.com,Dorothy.Libna@gmail.com,police officer
566,Kerrin,Mandler,Kerrin.Mandler@yopmail.com,Kerrin.Mandler@gmail.com,developer
567,Aurelie,Talia,Aurelie.Talia@yopmail.com,Aurelie.Talia@gmail.com,doctor
568,Rivalee,Septima,Rivalee.Septima@yopmail.com,Rivalee.Septima@gmail.com,doctor
569,Melodie,Erskine,Melodie.Erskine@yopmail.com,Melodie.Erskine@gmail.com,doctor
570,Florie,Yusuk,Florie.Yusuk@yopmail.com,Florie.Yusuk@gmail.com,doctor
571,Christy,Westphal,Christy.Westphal@yopmail.com,Christy.Westphal@gmail.com,police officer
572,Bee,Tound,Bee.Tound@yopmail.com,Bee.Tound@gmail.com,firefighter
573,Katleen,Bronk,Katleen.Bronk@yopmail.com,Katleen.Bronk@gmail.com,worker
574,Blinni,Harriman,Blinni.Harriman@yopmail.com,Blinni.Harriman@gmail.com,police officer
575,Darci,Sheedy,Darci.Sheedy@yopmail.com,Darci.Sheedy@gmail.com,police officer
576,Nollie,Dex,Nollie.Dex@yopmail.com,Nollie.Dex@gmail.com,firefighter
577,Bettine,Madox,Bettine.Madox@yopmail.com,Bettine.Madox@gmail.com,police officer
578,Johna,Braun,Johna.Braun@yopmail.com,Johna.Braun@gmail.com,firefighter
579,Jean,Lauraine,Jean.Lauraine@yopmail.com,Jean.Lauraine@gmail.com,worker
580,Raf,Old,Raf.Old@yopmail.com,Raf.Old@gmail.com,police officer
581,Corly,Randene,Corly.Randene@yopmail.com,Corly.Randene@gmail.com,police officer
582,Ottilie,Fleeta,Ottilie.Fleeta@yopmail.com,Ottilie.Fleeta@gmail.com,police officer
583,Harmonia,Felecia,Harmonia.Felecia@yopmail.com,Harmonia.Felecia@gmail.com,worker
584,Trixi,Plato,Trixi.Plato@yopmail.com,Trixi.Plato@gmail.com,doctor
585,Kelly,Llovera,Kelly.Llovera@yopmail.com,Kelly.Llovera@gmail.com,police officer
586,Monika,Eachern,Monika.Eachern@yopmail.com,Monika.Eachern@gmail.com,doctor
587,Romona,Marijo,Romona.Marijo@yopmail.com,Romona.Marijo@gmail.com,developer
588,Lanna,Sothena,Lanna.Sothena@yopmail.com,Lanna.Sothena@gmail.com,police officer
589,Dawn,Erlandson,Dawn.Erlandson@yopmail.com,Dawn.Erlandson@gmail.com,firefighter
590,Vita,Amadas,Vita.Amadas@yopmail.com,Vita.Amadas@gmail.com,firefighter
591,Emelina,Cherianne,Emelina.Cherianne@yopmail.com,Emelina.Cherianne@gmail.com,police officer
592,Sallie,Arvo,Sallie.Arvo@yopmail.com,Sallie.Arvo@gmail.com,police officer
593,Jacquetta,Philoo,Jacquetta.Philoo@yopmail.com,Jacquetta.Philoo@gmail.com,worker
594,Marguerite,Pyle,Marguerite.Pyle@yopmail.com,Marguerite.Pyle@gmail.com,firefighter
595,Dulce,Casimir,Dulce.Casimir@yopmail.com,Dulce.Casimir@gmail.com,doctor
596,Alie,Argus,Alie.Argus@yopmail.com,Alie.Argus@gmail.com,police officer
597,Tomasina,Curren,Tomasina.Curren@yopmail.com,Tomasina.Curren@gmail.com,worker
598,Zia,Cleavland,Zia.Cleavland@yopmail.com,Zia.Cleavland@gmail.com,firefighter
599,Deedee,Jagir,Deedee.Jagir@yopmail.com,Deedee.Jagir@gmail.com,police officer
600,Anica,Lacombe,Anica.Lacombe@yopmail.com,Anica.Lacombe@gmail.com,doctor
601,Jemie,Bendick,Jemie.Bendick@yopmail.com,Jemie.Bendick@gmail.com,police officer
602,Doralynne,Sawtelle,Doralynne.Sawtelle@yopmail.com,Doralynne.Sawtelle@gmail.com,doctor
603,Chere,Peti,Chere.Peti@yopmail.com,Chere.Peti@gmail.com,developer
604,Deane,Phyllis,Deane.Phyllis@yopmail.com,Deane.Phyllis@gmail.com,worker
605,Jeanna,Rooney,Jeanna.Rooney@yopmail.com,Jeanna.Rooney@gmail.com,doctor
606,Anthia,Sothena,Anthia.Sothena@yopmail.com,Anthia.Sothena@gmail.com,firefighter
607,Eugine,Gaynor,Eugine.Gaynor@yopmail.com,Eugine.Gaynor@gmail.com,police officer
608,Selma,Narton,Selma.Narton@yopmail.com,Selma.Narton@gmail.com,firefighter
609,Loree,Gamaliel,Loree.Gamaliel@yopmail.com,Loree.Gamaliel@gmail.com,worker
610,Elyssa,Felizio,Elyssa.Felizio@yopmail.com,Elyssa.Felizio@gmail.com,police officer
611,Lanae,Rillings,Lanae.Rillings@yopmail.com,Lanae.Rillings@gmail.com,worker
612,Paulita,Ietta,Paulita.Ietta@yopmail.com,Paulita.Ietta@gmail.com,police officer
613,Dorice,Lilas,Dorice.Lilas@yopmail.com,Dorice.Lilas@gmail.com,developer
614,Allyce,Carbo,Allyce.Carbo@yopmail.com,Allyce.Carbo@gmail.com,developer
615,Helsa,Carolin,Helsa.Carolin@yopmail.com,Helsa.Carolin@gmail.com,firefighter
616,Gisela,Letsou,Gisela.Letsou@yopmail.com,Gisela.Letsou@gmail.com,doctor
617,Eugine,Roumell,Eugine.Roumell@yopmail.com,Eugine.Roumell@gmail.com,worker
618,Johna,Ezar,Johna.Ezar@yopmail.com,Johna.Ezar@gmail.com,developer
619,Dulcinea,Anselmi,Dulcinea.Anselmi@yopmail.com,Dulcinea.Anselmi@gmail.com,worker
620,Chloris,Schlosser,Chloris.Schlosser@yopmail.com,Chloris.Schlosser@gmail.com,doctor
621,Eve,Engdahl,Eve.Engdahl@yopmail.com,Eve.Engdahl@gmail.com,developer
622,Ida,Kylander,Ida.Kylander@yopmail.com,Ida.Kylander@gmail.com,firefighter
623,Dacia,Verger,Dacia.Verger@yopmail.com,Dacia.Verger@gmail.com,developer
624,Lexine,Rugen,Lexine.Rugen@yopmail.com,Lexine.Rugen@gmail.com,worker
625,Kimmy,Junie,Kimmy.Junie@yopmail.com,Kimmy.Junie@gmail.com,worker
626,Lisette,Juan,Lisette.Juan@yopmail.com,Lisette.Juan@gmail.com,firefighter
627,Fernande,Moseley,Fernande.Moseley@yopmail.com,Fernande.Moseley@gmail.com,police officer
628,Gratia,Seumas,Gratia.Seumas@yopmail.com,Gratia.Seumas@gmail.com,developer
629,Cassondra,Abram,Cassondra.Abram@yopmail.com,Cassondra.Abram@gmail.com,doctor
630,Aryn,Charmine,Aryn.Charmine@yopmail.com,Aryn.Charmine@gmail.com,firefighter
631,Blake,Blake,Blake.Blake@yopmail.com,Blake.Blake@gmail.com,worker
632,Sara-Ann,Ursulette,Sara-Ann.Ursulette@yopmail.com,Sara-Ann.Ursulette@gmail.com,firefighter
633,Belinda,Nicoline,Belinda.Nicoline@yopmail.com,Belinda.Nicoline@gmail.com,firefighter
634,Deirdre,Wesle,Deirdre.Wesle@yopmail.com,Deirdre.Wesle@gmail.com,worker
635,Hildegaard,Shama,Hildegaard.Shama@yopmail.com,Hildegaard.Shama@gmail.com,developer
636,Dorice,Schalles,Dorice.Schalles@yopmail.com,Dorice.Schalles@gmail.com,doctor
637,Florencia,Cecile,Florencia.Cecile@yopmail.com,Florencia.Cecile@gmail.com,doctor
638,Louella,Saint,Louella.Saint@yopmail.com,Louella.Saint@gmail.com,doctor
639,Gratia,Louanna,Gratia.Louanna@yopmail.com,Gratia.Louanna@gmail.com,police officer
640,Merrie,Lewes,Merrie.Lewes@yopmail.com,Merrie.Lewes@gmail.com,developer
641,Sheelagh,Jagir,Sheelagh.Jagir@yopmail.com,Sheelagh.Jagir@gmail.com,police officer
642,Dotty,Hewitt,Dotty.Hewitt@yopmail.com,Dotty.Hewitt@gmail.com,worker
643,Addia,Tomasina,Addia.Tomasina@yopmail.com,Addia.Tomasina@gmail.com,doctor
644,Thalia,Tjon,Thalia.Tjon@yopmail.com,Thalia.Tjon@gmail.com,firefighter
645,Elka,Fillbert,Elka.Fillbert@yopmail.com,Elka.Fillbert@gmail.com,developer
646,Magdalena,Tippets,Magdalena.Tippets@yopmail.com,Magdalena.Tippets@gmail.com,firefighter
647,Jessamyn,Yuille,Jessamyn.Yuille@yopmail.com,Jessamyn.Yuille@gmail.com,doctor
648,Sheree,Haymes,Sheree.Haymes@yopmail.com,Sheree.Haymes@gmail.com,doctor
649,Joleen,Natica,Joleen.Natica@yopmail.com,Joleen.Natica@gmail.com,worker
650,Melina,Pyle,Melina.Pyle@yopmail.com,Melina.Pyle@gmail.com,police officer
651,Netty,Fairweather,Netty.Fairweather@yopmail.com,Netty.Fairweather@gmail.com,developer
652,Clo,Seligman,Clo.Seligman@yopmail.com,Clo.Seligman@gmail.com,police officer
653,Amara,Susannah,Amara.Susannah@yopmail.com,Amara.Susannah@gmail.com,worker
654,Rochette,Hailee,Rochette.Hailee@yopmail.com,Rochette.Hailee@gmail.com,doctor
655,Jessy,Kirbee,Jessy.Kirbee@yopmail.com,Jessy.Kirbee@gmail.com,police officer
656,Henriette,Rocray,Henriette.Rocray@yopmail.com,Henriette.Rocray@gmail.com,police officer
657,Perry,Darian,Perry.Darian@yopmail.com,Perry.Darian@gmail.com,worker
658,Jerry,Riordan,Jerry.Riordan@yopmail.com,Jerry.Riordan@gmail.com,developer
659,Leona,Elo,Leona.Elo@yopmail.com,Leona.Elo@gmail.com,doctor
660,Britni,McGrody,Britni.McGrody@yopmail.com,Britni.McGrody@gmail.com,developer
661,Moyna,Krystle,Moyna.Krystle@yopmail.com,Moyna.Krystle@gmail.com,firefighter
662,Louella,Old,Louella.Old@yopmail.com,Louella.Old@gmail.com,worker
663,Dyann,Bury,Dyann.Bury@yopmail.com,Dyann.Bury@gmail.com,worker
664,Ruthe,Erb,Ruthe.Erb@yopmail.com,Ruthe.Erb@gmail.com,developer
665,Gwenneth,Junie,Gwenneth.Junie@yopmail.com,Gwenneth.Junie@gmail.com,police officer
666,Winny,Monk,Winny.Monk@yopmail.com,Winny.Monk@gmail.com,doctor
667,Ebonee,Bouchard,Ebonee.Bouchard@yopmail.com,Ebonee.Bouchard@gmail.com,doctor
668,Collen,Kronfeld,Collen.Kronfeld@yopmail.com,Collen.Kronfeld@gmail.com,police officer
669,Yolane,Screens,Yolane.Screens@yopmail.com,Yolane.Screens@gmail.com,worker
670,Kalina,Grimbly,Kalina.Grimbly@yopmail.com,Kalina.Grimbly@gmail.com,developer
671,Zia,Minetta,Zia.Minetta@yopmail.com,Zia.Minetta@gmail.com,worker
672,Florie,Bivins,Florie.Bivins@yopmail.com,Florie.Bivins@gmail.com,worker
673,Christal,Malvino,Christal.Malvino@yopmail.com,Christal.Malvino@gmail.com,firefighter
674,Kaia,Pozzy,Kaia.Pozzy@yopmail.com,Kaia.Pozzy@gmail.com,worker
675,Chere,Terencio,Chere.Terencio@yopmail.com,Chere.Terencio@gmail.com,doctor
676,Nannie,Schonfeld,Nannie.Schonfeld@yopmail.com,Nannie.Schonfeld@gmail.com,doctor
677,Ada,Bronk,Ada.Bronk@yopmail.com,Ada.Bronk@gmail.com,worker
678,Nicoli,Lamoree,Nicoli.Lamoree@yopmail.com,Nicoli.Lamoree@gmail.com,worker
679,Orsola,Jaylene,Orsola.Jaylene@yopmail.com,Orsola.Jaylene@gmail.com,developer
680,Wendi,Skell,Wendi.Skell@yopmail.com,Wendi.Skell@gmail.com,worker
681,Lorie,Koziara,Lorie.Koziara@yopmail.com,Lorie.Koziara@gmail.com,developer
682,Corene,Tippets,Corene.Tippets@yopmail.com,Corene.Tippets@gmail.com,developer
683,Eadie,Pond,Eadie.Pond@yopmail.com,Eadie.Pond@gmail.com,developer
684,Oralee,Land,Oralee.Land@yopmail.com,Oralee.Land@gmail.com,developer
685,Riannon,Lay,Riannon.Lay@yopmail.com,Riannon.Lay@gmail.com,developer
686,Marinna,Bevin,Marinna.Bevin@yopmail.com,Marinna.Bevin@gmail.com,worker
687,Alisha,Andrel,Alisha.Andrel@yopmail.com,Alisha.Andrel@gmail.com,police officer
688,Audrie,Wenoa,Audrie.Wenoa@yopmail.com,Audrie.Wenoa@gmail.com,police officer
689,Kaja,Alarise,Kaja.Alarise@yopmail.com,Kaja.Alarise@gmail.com,firefighter
690,Kathy,Marden,Kathy.Marden@yopmail.com,Kathy.Marden@gmail.com,firefighter
691,Adele,Delacourt,Adele.Delacourt@yopmail.com,Adele.Delacourt@gmail.com,developer
692,Leanna,Graig,Leanna.Graig@yopmail.com,Leanna.Graig@gmail.com,firefighter
693,Anallese,Sophronia,Anallese.Sophronia@yopmail.com,Anallese.Sophronia@gmail.com,worker
694,Charlena,Madelene,Charlena.Madelene@yopmail.com,Charlena.Madelene@gmail.com,firefighter
695,Fredericka,Shuler,Fredericka.Shuler@yopmail.com,Fredericka.Shuler@gmail.com,firefighter
696,Nikki,Nance,Nikki.Nance@yopmail.com,Nikki.Nance@gmail.com,doctor
697,Corene,Silvan,Corene.Silvan@yopmail.com,Corene.Silvan@gmail.com,doctor
698,Rubie,Stilwell,Rubie.Stilwell@yopmail.com,Rubie.Stilwell@gmail.com,developer
699,Gui,Velick,Gui.Velick@yopmail.com,Gui.Velick@gmail.com,developer
700,Margette,Kenwood,Margette.Kenwood@yopmail.com,Margette.Kenwood@gmail.com,doctor
701,Gerrie,Chauncey,Gerrie.Chauncey@yopmail.com,Gerrie.Chauncey@gmail.com,worker
702,Dania,Thornburg,Dania.Thornburg@yopmail.com,Dania.Thornburg@gmail.com,developer
703,Nadine,Nore,Nadine.Nore@yopmail.com,Nadine.Nore@gmail.com,developer
704,Janis,Westphal,Janis.Westphal@yopmail.com,Janis.Westphal@gmail.com,developer
705,Cathyleen,Tarrant,Cathyleen.Tarrant@yopmail.com,Cathyleen.Tarrant@gmail.com,doctor
706,Nerta,Adalbert,Nerta.Adalbert@yopmail.com,Nerta.Adalbert@gmail.com,police officer
707,Vinita,Anestassia,Vinita.Anestassia@yopmail.com,Vinita.Anestassia@gmail.com,doctor
708,Phedra,Atonsah,Phedra.Atonsah@yopmail.com,Phedra.Atonsah@gmail.com,worker
709,Lynnea,Prober,Lynnea.Prober@yopmail.com,Lynnea.Prober@gmail.com,developer
710,Ira,Mich,Ira.Mich@yopmail.com,Ira.Mich@gmail.com,police officer
711,Barbara,Hourigan,Barbara.Hourigan@yopmail.com,Barbara.Hourigan@gmail.com,doctor
712,Dania,Atonsah,Dania.Atonsah@yopmail.com,Dania.Atonsah@gmail.com,doctor
713,Britte,Lacombe,Britte.Lacombe@yopmail.com,Britte.Lacombe@gmail.com,police officer
714,Carree,Florina,Carree.Florina@yopmail.com,Carree.Florina@gmail.com,firefighter
715,Linet,Sheedy,Linet.Sheedy@yopmail.com,Linet.Sheedy@gmail.com,worker
716,Gabi,Bryna,Gabi.Bryna@yopmail.com,Gabi.Bryna@gmail.com,worker
717,Neila,Ledah,Neila.Ledah@yopmail.com,Neila.Ledah@gmail.com,police officer
718,Marjie,O'Rourke,Marjie.O'Rourke@yopmail.com,Marjie.O'Rourke@gmail.com,firefighter
719,Alameda,Ries,Alameda.Ries@yopmail.com,Alameda.Ries@gmail.com,developer
720,Angela,Astra,Angela.Astra@yopmail.com,Angela.Astra@gmail.com,worker
721,Ardys,Thema,Ardys.Thema@yopmail.com,Ardys.Thema@gmail.com,doctor
722,Verla,Lamoree,Verla.Lamoree@yopmail.com,Verla.Lamoree@gmail.com,worker
723,Abbie,Secrest,Abbie.Secrest@yopmail.com,Abbie.Secrest@gmail.com,police officer
724,Dorene,Faust,Dorene.Faust@yopmail.com,Dorene.Faust@gmail.com,firefighter
725,Joane,Bendick,Joane.Bendick@yopmail.com,Joane.Bendick@gmail.com,doctor
726,Jerry,Euridice,Jerry.Euridice@yopmail.com,Jerry.Euridice@gmail.com,firefighter
727,Myriam,Helve,Myriam.Helve@yopmail.com,Myriam.Helve@gmail.com,police officer
728,Dania,Lattie,Dania.Lattie@yopmail.com,Dania.Lattie@gmail.com,firefighter
729,Orelia,Wenda,Orelia.Wenda@yopmail.com,Orelia.Wenda@gmail.com,firefighter
730,Britte,Hutchison,Britte.Hutchison@yopmail.com,Britte.Hutchison@gmail.com,firefighter
731,Libbie,Torray,Libbie.Torray@yopmail.com,Libbie.Torray@gmail.com,doctor
732,Karena,Naashom,Karena.Naashom@yopmail.com,Karena.Naashom@gmail.com,developer
733,Konstance,Ferino,Konstance.Ferino@yopmail.com,Konstance.Ferino@gmail.com,doctor
734,Siana,Bobbee,Siana.Bobbee@yopmail.com,Siana.Bobbee@gmail.com,developer
735,Deedee,Minetta,Deedee.Minetta@yopmail.com,Deedee.Minetta@gmail.com,police officer
736,Dorene,Cookie,Dorene.Cookie@yopmail.com,Dorene.Cookie@gmail.com,firefighter
737,Helena,Harriman,Helena.Harriman@yopmail.com,Helena.Harriman@gmail.com,developer
738,Annice,Odysseus,Annice.Odysseus@yopmail.com,Annice.Odysseus@gmail.com,firefighter
739,Gwyneth,Bari,Gwyneth.Bari@yopmail.com,Gwyneth.Bari@gmail.com,doctor
740,Mady,Andrel,Mady.Andrel@yopmail.com,Mady.Andrel@gmail.com,police officer
741,Elmira,Vanni,Elmira.Vanni@yopmail.com,Elmira.Vanni@gmail.com,police officer
742,Kimberley,Orelee,Kimberley.Orelee@yopmail.com,Kimberley.Orelee@gmail.com,police officer
743,Orsola,Jammal,Orsola.Jammal@yopmail.com,Orsola.Jammal@gmail.com,doctor
744,Pamella,Kalinda,Pamella.Kalinda@yopmail.com,Pamella.Kalinda@gmail.com,worker
745,Corly,Seessel,Corly.Seessel@yopmail.com,Corly.Seessel@gmail.com,worker
746,Sybille,Tybald,Sybille.Tybald@yopmail.com,Sybille.Tybald@gmail.com,worker
747,Aurelie,Loleta,Aurelie.Loleta@yopmail.com,Aurelie.Loleta@gmail.com,police officer
748,Gilligan,Matthew,Gilligan.Matthew@yopmail.com,Gilligan.Matthew@gmail.com,doctor
749,Heida,Daveta,Heida.Daveta@yopmail.com,Heida.Daveta@gmail.com,police officer
750,Evaleen,Kinnard,Evaleen.Kinnard@yopmail.com,Evaleen.Kinnard@gmail.com,developer
751,Netty,Sigfrid,Netty.Sigfrid@yopmail.com,Netty.Sigfrid@gmail.com,worker
752,Elise,Vorster,Elise.Vorster@yopmail.com,Elise.Vorster@gmail.com,doctor
753,Aeriela,Chrystel,Aeriela.Chrystel@yopmail.com,Aeriela.Chrystel@gmail.com,firefighter
754,Myrtice,Delacourt,Myrtice.Delacourt@yopmail.com,Myrtice.Delacourt@gmail.com,firefighter
755,Tybie,Pip,Tybie.Pip@yopmail.com,Tybie.Pip@gmail.com,doctor
756,Modestia,Lea,Modestia.Lea@yopmail.com,Modestia.Lea@gmail.com,doctor
757,Christian,Ashok,Christian.Ashok@yopmail.com,Christian.Ashok@gmail.com,police officer
758,Sadie,Flyn,Sadie.Flyn@yopmail.com,Sadie.Flyn@gmail.com,doctor
759,Marylou,Madelene,Marylou.Madelene@yopmail.com,Marylou.Madelene@gmail.com,firefighter
760,Tonia,Carleen,Tonia.Carleen@yopmail.com,Tonia.Carleen@gmail.com,developer
761,Lenna,Angelis,Lenna.Angelis@yopmail.com,Lenna.Angelis@gmail.com,doctor
762,Marita,Tybald,Marita.Tybald@yopmail.com,Marita.Tybald@gmail.com,firefighter
763,Evita,Gaynor,Evita.Gaynor@yopmail.com,Evita.Gaynor@gmail.com,developer
764,Tami,Cosenza,Tami.Cosenza@yopmail.com,Tami.Cosenza@gmail.com,worker
765,Emilia,Amand,Emilia.Amand@yopmail.com,Emilia.Amand@gmail.com,developer
766,Jennica,Fairweather,Jennica.Fairweather@yopmail.com,Jennica.Fairweather@gmail.com,firefighter
767,Marguerite,Jary,Marguerite.Jary@yopmail.com,Marguerite.Jary@gmail.com,firefighter
768,Elsie,Hermes,Elsie.Hermes@yopmail.com,Elsie.Hermes@gmail.com,worker
769,Nerta,Wesle,Nerta.Wesle@yopmail.com,Nerta.Wesle@gmail.com,developer
770,Sherrie,Hurley,Sherrie.Hurley@yopmail.com,Sherrie.Hurley@gmail.com,worker
771,Harrietta,Vivle,Harrietta.Vivle@yopmail.com,Harrietta.Vivle@gmail.com,police officer
772,Maud,Pettiford,Maud.Pettiford@yopmail.com,Maud.Pettiford@gmail.com,doctor
773,Pearline,Carvey,Pearline.Carvey@yopmail.com,Pearline.Carvey@gmail.com,doctor
774,Aaren,Liebermann,Aaren.Liebermann@yopmail.com,Aaren.Liebermann@gmail.com,worker
775,Melodie,Lilybelle,Melodie.Lilybelle@yopmail.com,Melodie.Lilybelle@gmail.com,worker
776,Marsiella,Bluh,Marsiella.Bluh@yopmail.com,Marsiella.Bluh@gmail.com,firefighter
777,Aryn,Sasnett,Aryn.Sasnett@yopmail.com,Aryn.Sasnett@gmail.com,firefighter
778,Merrie,Sheng,Merrie.Sheng@yopmail.com,Merrie.Sheng@gmail.com,worker
779,Pierette,Poll,Pierette.Poll@yopmail.com,Pierette.Poll@gmail.com,firefighter
780,Janey,Bohlin,Janey.Bohlin@yopmail.com,Janey.Bohlin@gmail.com,police officer
781,Mary,Stilwell,Mary.Stilwell@yopmail.com,Mary.Stilwell@gmail.com,doctor
782,Dale,Tayib,Dale.Tayib@yopmail.com,Dale.Tayib@gmail.com,developer
783,Darlleen,Wallis,Darlleen.Wallis@yopmail.com,Darlleen.Wallis@gmail.com,firefighter
784,Blondelle,LaRue,Blondelle.LaRue@yopmail.com,Blondelle.LaRue@gmail.com,developer
785,Goldie,Eiser,Goldie.Eiser@yopmail.com,Goldie.Eiser@gmail.com,worker
786,Korrie,Leffen,Korrie.Leffen@yopmail.com,Korrie.Leffen@gmail.com,developer
787,Cristabel,Woodberry,Cristabel.Woodberry@yopmail.com,Cristabel.Woodberry@gmail.com,firefighter
788,Sybille,Even,Sybille.Even@yopmail.com,Sybille.Even@gmail.com,doctor
789,Lorenza,Lumbard,Lorenza.Lumbard@yopmail.com,Lorenza.Lumbard@gmail.com,doctor
790,Henriette,Kunin,Henriette.Kunin@yopmail.com,Henriette.Kunin@gmail.com,doctor
791,Katharina,Bonilla,Katharina.Bonilla@yopmail.com,Katharina.Bonilla@gmail.com,doctor
792,Tersina,Mendez,Tersina.Mendez@yopmail.com,Tersina.Mendez@gmail.com,firefighter
793,Micheline,Adalbert,Micheline.Adalbert@yopmail.com,Micheline.Adalbert@gmail.com,developer
794,Carolina,Fadiman,Carolina.Fadiman@yopmail.com,Carolina.Fadiman@gmail.com,firefighter
795,Mary,Tannie,Mary.Tannie@yopmail.com,Mary.Tannie@gmail.com,developer
796,Shel,Jerald,Shel.Jerald@yopmail.com,Shel.Jerald@gmail.com,firefighter
797,Zaria,Carey,Zaria.Carey@yopmail.com,Zaria.Carey@gmail.com,firefighter
798,Carmencita,Toffic,Carmencita.Toffic@yopmail.com,Carmencita.Toffic@gmail.com,firefighter
799,Hallie,Magdalen,Hallie.Magdalen@yopmail.com,Hallie.Magdalen@gmail.com,worker
800,Letizia,Gower,Letizia.Gower@yopmail.com,Letizia.Gower@gmail.com,doctor
801,Ernesta,Chandler,Ernesta.Chandler@yopmail.com,Ernesta.Chandler@gmail.com,worker
802,Vevay,Palocz,Vevay.Palocz@yopmail.com,Vevay.Palocz@gmail.com,worker
803,Monika,Isacco,Monika.Isacco@yopmail.com,Monika.Isacco@gmail.com,worker
804,Elise,Lane,Elise.Lane@yopmail.com,Elise.Lane@gmail.com,developer
805,Elena,Ball,Elena.Ball@yopmail.com,Elena.Ball@gmail.com,developer
806,Karolina,Fadiman,Karolina.Fadiman@yopmail.com,Karolina.Fadiman@gmail.com,police officer
807,Shel,Bari,Shel.Bari@yopmail.com,Shel.Bari@gmail.com,worker
808,Jillayne,Matthew,Jillayne.Matthew@yopmail.com,Jillayne.Matthew@gmail.com,firefighter
809,Dennie,Abernon,Dennie.Abernon@yopmail.com,Dennie.Abernon@gmail.com,doctor
810,Christian,Sheng,Christian.Sheng@yopmail.com,Christian.Sheng@gmail.com,worker
811,Viviene,Quinn,Viviene.Quinn@yopmail.com,Viviene.Quinn@gmail.com,developer
812,Sara-Ann,Bergman,Sara-Ann.Bergman@yopmail.com,Sara-Ann.Bergman@gmail.com,firefighter
813,Cherilyn,Standing,Cherilyn.Standing@yopmail.com,Cherilyn.Standing@gmail.com,firefighter
814,Vita,Bobbee,Vita.Bobbee@yopmail.com,Vita.Bobbee@gmail.com,doctor
815,Orsola,Soneson,Orsola.Soneson@yopmail.com,Orsola.Soneson@gmail.com,developer
816,Shandie,Albertine,Shandie.Albertine@yopmail.com,Shandie.Albertine@gmail.com,doctor
817,Olivette,Macey,Olivette.Macey@yopmail.com,Olivette.Macey@gmail.com,doctor
818,Ebonee,Martsen,Ebonee.Martsen@yopmail.com,Ebonee.Martsen@gmail.com,doctor
819,Kerrin,Freddi,Kerrin.Freddi@yopmail.com,Kerrin.Freddi@gmail.com,developer
820,Corly,Docilla,Corly.Docilla@yopmail.com,Corly.Docilla@gmail.com,developer
821,Katuscha,Gombach,Katuscha.Gombach@yopmail.com,Katuscha.Gombach@gmail.com,developer
822,Aubrie,Manolo,Aubrie.Manolo@yopmail.com,Aubrie.Manolo@gmail.com,developer
823,Rosabelle,Middleton,Rosabelle.Middleton@yopmail.com,Rosabelle.Middleton@gmail.com,firefighter
824,Shaine,Arley,Shaine.Arley@yopmail.com,Shaine.Arley@gmail.com,doctor
825,Georgina,Crudden,Georgina.Crudden@yopmail.com,Georgina.Crudden@gmail.com,firefighter
826,Rebeca,Noam,Rebeca.Noam@yopmail.com,Rebeca.Noam@gmail.com,developer
827,Codie,An,Codie.An@yopmail.com,Codie.An@gmail.com,worker
828,Celene,Dichy,Celene.Dichy@yopmail.com,Celene.Dichy@gmail.com,doctor
829,Marsiella,Louanna,Marsiella.Louanna@yopmail.com,Marsiella.Louanna@gmail.com,worker
830,Raquela,Louanna,Raquela.Louanna@yopmail.com,Raquela.Louanna@gmail.com,police officer
831,Sarette,Brenn,Sarette.Brenn@yopmail.com,Sarette.Brenn@gmail.com,firefighter
832,Aryn,Miru,Aryn.Miru@yopmail.com,Aryn.Miru@gmail.com,doctor
833,Kamilah,Bates,Kamilah.Bates@yopmail.com,Kamilah.Bates@gmail.com,developer
834,Alisha,Natalia,Alisha.Natalia@yopmail.com,Alisha.Natalia@gmail.com,doctor
835,Maisey,Emmy,Maisey.Emmy@yopmail.com,Maisey.Emmy@gmail.com,developer
836,Amara,Buttaro,Amara.Buttaro@yopmail.com,Amara.Buttaro@gmail.com,developer
837,Joane,Roscoe,Joane.Roscoe@yopmail.com,Joane.Roscoe@gmail.com,doctor
838,Cindelyn,Ivens,Cindelyn.Ivens@yopmail.com,Cindelyn.Ivens@gmail.com,firefighter
839,Dulce,Norrie,Dulce.Norrie@yopmail.com,Dulce.Norrie@gmail.com,police officer
840,Nadine,Haldas,Nadine.Haldas@yopmail.com,Nadine.Haldas@gmail.com,firefighter
841,Alexine,Rosalba,Alexine.Rosalba@yopmail.com,Alexine.Rosalba@gmail.com,firefighter
842,Noelle,Waldron,Noelle.Waldron@yopmail.com,Noelle.Waldron@gmail.com,police officer
843,Gui,Nunci,Gui.Nunci@yopmail.com,Gui.Nunci@gmail.com,police officer
844,Aigneis,An,Aigneis.An@yopmail.com,Aigneis.An@gmail.com,police officer
845,Tersina,Saunderson,Tersina.Saunderson@yopmail.com,Tersina.Saunderson@gmail.com,doctor
846,Dianemarie,Sibyls,Dianemarie.Sibyls@yopmail.com,Dianemarie.Sibyls@gmail.com,developer
847,Carlie,Helve,Carlie.Helve@yopmail.com,Carlie.Helve@gmail.com,doctor
848,Betta,Palocz,Betta.Palocz@yopmail.com,Betta.Palocz@gmail.com,worker
849,Shannah,Garrison,Shannah.Garrison@yopmail.com,Shannah.Garrison@gmail.com,firefighter
850,Jenda,Codding,Jenda.Codding@yopmail.com,Jenda.Codding@gmail.com,worker
851,Cristabel,Mehalek,Cristabel.Mehalek@yopmail.com,Cristabel.Mehalek@gmail.com,police officer
852,Sashenka,Schroth,Sashenka.Schroth@yopmail.com,Sashenka.Schroth@gmail.com,developer
853,Cassandra,Lenny,Cassandra.Lenny@yopmail.com,Cassandra.Lenny@gmail.com,doctor
854,Teriann,Roxanna,Teriann.Roxanna@yopmail.com,Teriann.Roxanna@gmail.com,doctor
855,Keelia,Madelene,Keelia.Madelene@yopmail.com,Keelia.Madelene@gmail.com,worker
856,Dorthy,Adamsen,Dorthy.Adamsen@yopmail.com,Dorthy.Adamsen@gmail.com,police officer
857,Annecorinne,Deegan,Annecorinne.Deegan@yopmail.com,Annecorinne.Deegan@gmail.com,developer
858,Althea,Gusella,Althea.Gusella@yopmail.com,Althea.Gusella@gmail.com,doctor
859,Bee,Sibyls,Bee.Sibyls@yopmail.com,Bee.Sibyls@gmail.com,worker
860,Lelah,Judye,Lelah.Judye@yopmail.com,Lelah.Judye@gmail.com,worker
861,Daune,Gwenore,Daune.Gwenore@yopmail.com,Daune.Gwenore@gmail.com,firefighter
862,Dagmar,Giff,Dagmar.Giff@yopmail.com,Dagmar.Giff@gmail.com,worker
863,Roseline,Hazlett,Roseline.Hazlett@yopmail.com,Roseline.Hazlett@gmail.com,developer
864,Drucie,Kimmie,Drucie.Kimmie@yopmail.com,Drucie.Kimmie@gmail.com,police officer
865,Tonia,Rocray,Tonia.Rocray@yopmail.com,Tonia.Rocray@gmail.com,firefighter
866,Doralynne,Toni,Doralynne.Toni@yopmail.com,Doralynne.Toni@gmail.com,police officer
867,Michaelina,Esmaria,Michaelina.Esmaria@yopmail.com,Michaelina.Esmaria@gmail.com,developer
868,Shaine,Thema,Shaine.Thema@yopmail.com,Shaine.Thema@gmail.com,developer
869,Rosanne,Anastatius,Rosanne.Anastatius@yopmail.com,Rosanne.Anastatius@gmail.com,police officer
870,Eolanda,Cordi,Eolanda.Cordi@yopmail.com,Eolanda.Cordi@gmail.com,developer
871,Elise,Alrich,Elise.Alrich@yopmail.com,Elise.Alrich@gmail.com,doctor
872,Romona,Marden,Romona.Marden@yopmail.com,Romona.Marden@gmail.com,worker
873,Mathilda,Poppy,Mathilda.Poppy@yopmail.com,Mathilda.Poppy@gmail.com,worker
874,Oralee,Michella,Oralee.Michella@yopmail.com,Oralee.Michella@gmail.com,worker
875,Roseline,Fax,Roseline.Fax@yopmail.com,Roseline.Fax@gmail.com,firefighter
876,Dagmar,Olympium,Dagmar.Olympium@yopmail.com,Dagmar.Olympium@gmail.com,developer
877,Daune,Curren,Daune.Curren@yopmail.com,Daune.Curren@gmail.com,firefighter
878,Berta,Emmaline,Berta.Emmaline@yopmail.com,Berta.Emmaline@gmail.com,firefighter
879,Frank,Swigart,Frank.Swigart@yopmail.com,Frank.Swigart@gmail.com,doctor
880,Cacilie,Chick,Cacilie.Chick@yopmail.com,Cacilie.Chick@gmail.com,firefighter
881,Violet,Mintz,Violet.Mintz@yopmail.com,Violet.Mintz@gmail.com,firefighter
882,Jemie,Ellord,Jemie.Ellord@yopmail.com,Jemie.Ellord@gmail.com,doctor
883,Elise,Lissi,Elise.Lissi@yopmail.com,Elise.Lissi@gmail.com,worker
884,Leontine,Luhe,Leontine.Luhe@yopmail.com,Leontine.Luhe@gmail.com,police officer
885,Beth,Sekofski,Beth.Sekofski@yopmail.com,Beth.Sekofski@gmail.com,police officer
886,Shandie,Callista,Shandie.Callista@yopmail.com,Shandie.Callista@gmail.com,firefighter
887,Mathilda,Ortrude,Mathilda.Ortrude@yopmail.com,Mathilda.Ortrude@gmail.com,worker
888,Talya,Ambrosia,Talya.Ambrosia@yopmail.com,Talya.Ambrosia@gmail.com,police officer
889,Vere,Stacy,Vere.Stacy@yopmail.com,Vere.Stacy@gmail.com,firefighter
890,Gratia,Arathorn,Gratia.Arathorn@yopmail.com,Gratia.Arathorn@gmail.com,police officer
891,Daphne,Paine,Daphne.Paine@yopmail.com,Daphne.Paine@gmail.com,developer
892,Tera,Sasnett,Tera.Sasnett@yopmail.com,Tera.Sasnett@gmail.com,firefighter
893,Althea,Doig,Althea.Doig@yopmail.com,Althea.Doig@gmail.com,firefighter
894,Brana,Tillford,Brana.Tillford@yopmail.com,Brana.Tillford@gmail.com,worker
895,Bobinette,Agle,Bobinette.Agle@yopmail.com,Bobinette.Agle@gmail.com,doctor
896,Laurene,Meter,Laurene.Meter@yopmail.com,Laurene.Meter@gmail.com,police officer
897,Roseline,Alva,Roseline.Alva@yopmail.com,Roseline.Alva@gmail.com,worker
898,Halette,Ferrell,Halette.Ferrell@yopmail.com,Halette.Ferrell@gmail.com,firefighter
899,Aigneis,Jeanne,Aigneis.Jeanne@yopmail.com,Aigneis.Jeanne@gmail.com,worker
900,Reeba,Monaco,Reeba.Monaco@yopmail.com,Reeba.Monaco@gmail.com,developer
901,Marinna,Franza,Marinna.Franza@yopmail.com,Marinna.Franza@gmail.com,worker
902,Lizzie,Pattin,Lizzie.Pattin@yopmail.com,Lizzie.Pattin@gmail.com,doctor
903,Abbie,Kellby,Abbie.Kellby@yopmail.com,Abbie.Kellby@gmail.com,doctor
904,Maryellen,Velick,Maryellen.Velick@yopmail.com,Maryellen.Velick@gmail.com,firefighter
905,Betta,Hoenack,Betta.Hoenack@yopmail.com,Betta.Hoenack@gmail.com,firefighter
906,Sean,Fairweather,Sean.Fairweather@yopmail.com,Sean.Fairweather@gmail.com,developer
907,Jacquetta,Paine,Jacquetta.Paine@yopmail.com,Jacquetta.Paine@gmail.com,developer
908,Deedee,Monk,Deedee.Monk@yopmail.com,Deedee.Monk@gmail.com,doctor
909,Ezmeralda,Docilla,Ezmeralda.Docilla@yopmail.com,Ezmeralda.Docilla@gmail.com,doctor
910,Suzette,Esmaria,Suzette.Esmaria@yopmail.com,Suzette.Esmaria@gmail.com,doctor
911,Neila,Nedrud,Neila.Nedrud@yopmail.com,Neila.Nedrud@gmail.com,developer
912,Susan,Hailee,Susan.Hailee@yopmail.com,Susan.Hailee@gmail.com,firefighter
913,Johna,Merell,Johna.Merell@yopmail.com,Johna.Merell@gmail.com,doctor
914,Merry,Alva,Merry.Alva@yopmail.com,Merry.Alva@gmail.com,firefighter
915,Aurelie,Felizio,Aurelie.Felizio@yopmail.com,Aurelie.Felizio@gmail.com,developer
916,Genovera,Johnsson,Genovera.Johnsson@yopmail.com,Genovera.Johnsson@gmail.com,doctor
917,Gianina,Pettiford,Gianina.Pettiford@yopmail.com,Gianina.Pettiford@gmail.com,doctor
918,Charissa,Chem,Charissa.Chem@yopmail.com,Charissa.Chem@gmail.com,developer
919,Vanessa,Seessel,Vanessa.Seessel@yopmail.com,Vanessa.Seessel@gmail.com,police officer
920,Leia,Hull,Leia.Hull@yopmail.com,Leia.Hull@gmail.com,worker
921,Jean,Prober,Jean.Prober@yopmail.com,Jean.Prober@gmail.com,doctor
922,Merle,Casimir,Merle.Casimir@yopmail.com,Merle.Casimir@gmail.com,firefighter
923,Ana,Malina,Ana.Malina@yopmail.com,Ana.Malina@gmail.com,developer
924,Mureil,Niles,Mureil.Niles@yopmail.com,Mureil.Niles@gmail.com,police officer
925,Sue,Llovera,Sue.Llovera@yopmail.com,Sue.Llovera@gmail.com,developer
926,Claresta,Penelopa,Claresta.Penelopa@yopmail.com,Claresta.Penelopa@gmail.com,police officer
927,Flo,Eliathas,Flo.Eliathas@yopmail.com,Flo.Eliathas@gmail.com,firefighter
928,Charmaine,Ventre,Charmaine.Ventre@yopmail.com,Charmaine.Ventre@gmail.com,doctor
929,Christal,Riordan,Christal.Riordan@yopmail.com,Christal.Riordan@gmail.com,police officer
930,Albertina,Maribeth,Albertina.Maribeth@yopmail.com,Albertina.Maribeth@gmail.com,doctor
931,Stephanie,Timon,Stephanie.Timon@yopmail.com,Stephanie.Timon@gmail.com,firefighter
932,Leanna,Jess,Leanna.Jess@yopmail.com,Leanna.Jess@gmail.com,developer
933,Roz,Weitman,Roz.Weitman@yopmail.com,Roz.Weitman@gmail.com,doctor
934,Gabriellia,Madelene,Gabriellia.Madelene@yopmail.com,Gabriellia.Madelene@gmail.com,doctor
935,Roxane,Nikaniki,Roxane.Nikaniki@yopmail.com,Roxane.Nikaniki@gmail.com,developer
936,Arlena,Jary,Arlena.Jary@yopmail.com,Arlena.Jary@gmail.com,firefighter
937,Cyndie,Schroth,Cyndie.Schroth@yopmail.com,Cyndie.Schroth@gmail.com,doctor
938,Winifred,Zeeba,Winifred.Zeeba@yopmail.com,Winifred.Zeeba@gmail.com,developer
939,Madalyn,Cadmar,Madalyn.Cadmar@yopmail.com,Madalyn.Cadmar@gmail.com,firefighter
940,Andree,Thad,Andree.Thad@yopmail.com,Andree.Thad@gmail.com,worker
941,Gwyneth,Colyer,Gwyneth.Colyer@yopmail.com,Gwyneth.Colyer@gmail.com,developer
942,Rosabelle,Loleta,Rosabelle.Loleta@yopmail.com,Rosabelle.Loleta@gmail.com,firefighter
943,Sabina,Avi,Sabina.Avi@yopmail.com,Sabina.Avi@gmail.com,doctor
944,Annice,Yorick,Annice.Yorick@yopmail.com,Annice.Yorick@gmail.com,worker
945,Estell,Raychel,Estell.Raychel@yopmail.com,Estell.Raychel@gmail.com,police officer
946,Rhea,Suanne,Rhea.Suanne@yopmail.com,Rhea.Suanne@gmail.com,firefighter
947,Dulce,Ramona,Dulce.Ramona@yopmail.com,Dulce.Ramona@gmail.com,police officer
948,Cristine,Kelula,Cristine.Kelula@yopmail.com,Cristine.Kelula@gmail.com,doctor
949,Aurore,Ashok,Aurore.Ashok@yopmail.com,Aurore.Ashok@gmail.com,firefighter
950,Lynde,Schenck,Lynde.Schenck@yopmail.com,Lynde.Schenck@gmail.com,police officer
951,Aryn,Joseph,Aryn.Joseph@yopmail.com,Aryn.Joseph@gmail.com,police officer
952,Sandie,Roxanna,Sandie.Roxanna@yopmail.com,Sandie.Roxanna@gmail.com,developer
953,Delilah,Lissi,Delilah.Lissi@yopmail.com,Delilah.Lissi@gmail.com,developer
954,Miquela,McLaughlin,Miquela.McLaughlin@yopmail.com,Miquela.McLaughlin@gmail.com,firefighter
955,Brynna,Monk,Brynna.Monk@yopmail.com,Brynna.Monk@gmail.com,doctor
956,Zondra,Dannye,Zondra.Dannye@yopmail.com,Zondra.Dannye@gmail.com,firefighter
957,Farrah,Loring,Farrah.Loring@yopmail.com,Farrah.Loring@gmail.com,firefighter
958,Jerry,Decato,Jerry.Decato@yopmail.com,Jerry.Decato@gmail.com,developer
959,Meghann,Kamaria,Meghann.Kamaria@yopmail.com,Meghann.Kamaria@gmail.com,doctor
960,Nananne,Gerge,Nananne.Gerge@yopmail.com,Nananne.Gerge@gmail.com,developer
961,Shannah,Alfons,Shannah.Alfons@yopmail.com,Shannah.Alfons@gmail.com,developer
962,Briney,Nicoline,Briney.Nicoline@yopmail.com,Briney.Nicoline@gmail.com,firefighter
963,Dulcinea,Rillings,Dulcinea.Rillings@yopmail.com,Dulcinea.Rillings@gmail.com,worker
964,Fernande,Kazimir,Fernande.Kazimir@yopmail.com,Fernande.Kazimir@gmail.com,doctor
965,Rhea,Joeann,Rhea.Joeann@yopmail.com,Rhea.Joeann@gmail.com,firefighter
966,Myrtice,Kinnard,Myrtice.Kinnard@yopmail.com,Myrtice.Kinnard@gmail.com,worker
967,Janeczka,Karna,Janeczka.Karna@yopmail.com,Janeczka.Karna@gmail.com,developer
968,Cyb,Amand,Cyb.Amand@yopmail.com,Cyb.Amand@gmail.com,doctor
969,Nyssa,Rodmann,Nyssa.Rodmann@yopmail.com,Nyssa.Rodmann@gmail.com,developer
970,Thalia,Presber,Thalia.Presber@yopmail.com,Thalia.Presber@gmail.com,developer
971,Myriam,Zitvaa,Myriam.Zitvaa@yopmail.com,Myriam.Zitvaa@gmail.com,police officer
972,Florie,Martsen,Florie.Martsen@yopmail.com,Florie.Martsen@gmail.com,firefighter
973,Dyann,Mike,Dyann.Mike@yopmail.com,Dyann.Mike@gmail.com,doctor
974,Christal,Peti,Christal.Peti@yopmail.com,Christal.Peti@gmail.com,police officer
975,Elena,Screens,Elena.Screens@yopmail.com,Elena.Screens@gmail.com,doctor
976,Correy,Ade,Correy.Ade@yopmail.com,Correy.Ade@gmail.com,police officer
977,Gilda,Dyche,Gilda.Dyche@yopmail.com,Gilda.Dyche@gmail.com,developer
978,Lory,Hepsibah,Lory.Hepsibah@yopmail.com,Lory.Hepsibah@gmail.com,developer
979,Tilly,Jehu,Tilly.Jehu@yopmail.com,Tilly.Jehu@gmail.com,police officer
980,Valeda,Sidonius,Valeda.Sidonius@yopmail.com,Valeda.Sidonius@gmail.com,developer
981,Brena,Audly,Brena.Audly@yopmail.com,Brena.Audly@gmail.com,worker
982,Rani,Brian,Rani.Brian@yopmail.com,Rani.Brian@gmail.com,developer
983,Wynne,Lemuela,Wynne.Lemuela@yopmail.com,Wynne.Lemuela@gmail.com,worker
984,Cyndie,Kathie,Cyndie.Kathie@yopmail.com,Cyndie.Kathie@gmail.com,police officer
985,Christian,Suzetta,Christian.Suzetta@yopmail.com,Christian.Suzetta@gmail.com,doctor
986,Alisha,Hurley,Alisha.Hurley@yopmail.com,Alisha.Hurley@gmail.com,firefighter
987,Lorne,Rugen,Lorne.Rugen@yopmail.com,Lorne.Rugen@gmail.com,doctor
988,Selma,Sundin,Selma.Sundin@yopmail.com,Selma.Sundin@gmail.com,developer
989,Sabina,Schonfeld,Sabina.Schonfeld@yopmail.com,Sabina.Schonfeld@gmail.com,police officer
990,Addia,Yorick,Addia.Yorick@yopmail.com,Addia.Yorick@gmail.com,police officer
991,Alyda,Latini,Alyda.Latini@yopmail.com,Alyda.Latini@gmail.com,firefighter
992,Charissa,Gabrielli,Charissa.Gabrielli@yopmail.com,Charissa.Gabrielli@gmail.com,police officer
993,Althea,Elbertina,Althea.Elbertina@yopmail.com,Althea.Elbertina@gmail.com,worker
994,Lilith,Goerke,Lilith.Goerke@yopmail.com,Lilith.Goerke@gmail.com,police officer
995,Ruthe,Annabella,Ruthe.Annabella@yopmail.com,Ruthe.Annabella@gmail.com,firefighter
996,Carlie,Stav,Carlie.Stav@yopmail.com,Carlie.Stav@gmail.com,developer
997,Consuela,Suzetta,Consuela.Suzetta@yopmail.com,Consuela.Suzetta@gmail.com,firefighter
998,Sonni,Shaver,Sonni.Shaver@yopmail.com,Sonni.Shaver@gmail.com,doctor
999,Kimberley,Eben,Kimberley.Eben@yopmail.com,Kimberley.Eben@gmail.com,worker
1000,Janis,Hachmin,Janis.Hachmin@yopmail.com,Janis.Hachmin@gmail.com,doctor
1001,Ariela,Margarete,Ariela.Margarete@yopmail.com,Ariela.Margarete@gmail.com,doctor
1002,Christian,Vivle,Christian.Vivle@yopmail.com,Christian.Vivle@gmail.com,doctor
1003,Olwen,Tiffa,Olwen.Tiffa@yopmail.com,Olwen.Tiffa@gmail.com,police officer
1004,Roberta,Raama,Roberta.Raama@yopmail.com,Roberta.Raama@gmail.com,doctor
1005,Berget,Carolin,Berget.Carolin@yopmail.com,Berget.Carolin@gmail.com,firefighter
1006,Magdalena,Stilwell,Magdalena.Stilwell@yopmail.com,Magdalena.Stilwell@gmail.com,worker
1007,Max,Schalles,Max.Schalles@yopmail.com,Max.Schalles@gmail.com,developer
1008,Addia,Erich,Addia.Erich@yopmail.com,Addia.Erich@gmail.com,firefighter
1009,Wileen,Atonsah,Wileen.Atonsah@yopmail.com,Wileen.Atonsah@gmail.com,police officer
1010,Stephanie,Even,Stephanie.Even@yopmail.com,Stephanie.Even@gmail.com,developer
1011,Ashlee,Meter,Ashlee.Meter@yopmail.com,Ashlee.Meter@gmail.com,police officer
1012,Melisent,Briney,Melisent.Briney@yopmail.com,Melisent.Briney@gmail.com,worker
1013,Nataline,Ferrell,Nataline.Ferrell@yopmail.com,Nataline.Ferrell@gmail.com,police officer
1014,Lila,Fax,Lila.Fax@yopmail.com,Lila.Fax@gmail.com,firefighter
1015,Glynnis,Edvard,Glynnis.Edvard@yopmail.com,Glynnis.Edvard@gmail.com,firefighter
1016,Tatiania,Cecile,Tatiania.Cecile@yopmail.com,Tatiania.Cecile@gmail.com,developer
1017,Coral,Killigrew,Coral.Killigrew@yopmail.com,Coral.Killigrew@gmail.com,firefighter
1018,Korrie,Lowry,Korrie.Lowry@yopmail.com,Korrie.Lowry@gmail.com,police officer
1019,Melanie,Schroth,Melanie.Schroth@yopmail.com,Melanie.Schroth@gmail.com,firefighter
1020,Shel,Pip,Shel.Pip@yopmail.com,Shel.Pip@gmail.com,developer
1021,Mady,Bonucci,Mady.Bonucci@yopmail.com,Mady.Bonucci@gmail.com,firefighter
1022,Sibella,Sperling,Sibella.Sperling@yopmail.com,Sibella.Sperling@gmail.com,doctor
1023,Annaliese,Daveta,Annaliese.Daveta@yopmail.com,Annaliese.Daveta@gmail.com,worker
1024,Elsie,Curren,Elsie.Curren@yopmail.com,Elsie.Curren@gmail.com,worker
1025,Elfreda,Thomasina,Elfreda.Thomasina@yopmail.com,Elfreda.Thomasina@gmail.com,worker
1026,Ermengarde,Gale,Ermengarde.Gale@yopmail.com,Ermengarde.Gale@gmail.com,worker
1027,Marline,Phaidra,Marline.Phaidra@yopmail.com,Marline.Phaidra@gmail.com,worker
1028,Jorry,Joachim,Jorry.Joachim@yopmail.com,Jorry.Joachim@gmail.com,worker
1029,Ayn,Magdalen,Ayn.Magdalen@yopmail.com,Ayn.Magdalen@gmail.com,doctor
1030,Celene,Monk,Celene.Monk@yopmail.com,Celene.Monk@gmail.com,firefighter
1031,Hildegaard,Girardo,Hildegaard.Girardo@yopmail.com,Hildegaard.Girardo@gmail.com,firefighter
1032,Emelina,Annice,Emelina.Annice@yopmail.com,Emelina.Annice@gmail.com,worker
1033,Helsa,Middleton,Helsa.Middleton@yopmail.com,Helsa.Middleton@gmail.com,developer
1034,Albertina,Kiyoshi,Albertina.Kiyoshi@yopmail.com,Albertina.Kiyoshi@gmail.com,worker
1035,Kassey,Fennessy,Kassey.Fennessy@yopmail.com,Kassey.Fennessy@gmail.com,police officer
1036,Layla,Rossner,Layla.Rossner@yopmail.com,Layla.Rossner@gmail.com,developer
1037,Carolina,Nicoline,Carolina.Nicoline@yopmail.com,Carolina.Nicoline@gmail.com,police officer
1038,Dacia,Kenwood,Dacia.Kenwood@yopmail.com,Dacia.Kenwood@gmail.com,firefighter
1039,Talya,Corrine,Talya.Corrine@yopmail.com,Talya.Corrine@gmail.com,worker
1040,Consuela,Jarib,Consuela.Jarib@yopmail.com,Consuela.Jarib@gmail.com,developer
1041,Neila,Allys,Neila.Allys@yopmail.com,Neila.Allys@gmail.com,developer
1042,Donetta,Weaks,Donetta.Weaks@yopmail.com,Donetta.Weaks@gmail.com,firefighter
1043,Nicoli,Tiffa,Nicoli.Tiffa@yopmail.com,Nicoli.Tiffa@gmail.com,worker
1044,Ginnie,Penelopa,Ginnie.Penelopa@yopmail.com,Ginnie.Penelopa@gmail.com,developer
1045,Gisela,Gladstone,Gisela.Gladstone@yopmail.com,Gisela.Gladstone@gmail.com,developer
1046,Giustina,Narton,Giustina.Narton@yopmail.com,Giustina.Narton@gmail.com,doctor
1047,Carolina,Sammons,Carolina.Sammons@yopmail.com,Carolina.Sammons@gmail.com,police officer
1048,Ira,Noman,Ira.Noman@yopmail.com,Ira.Noman@gmail.com,worker
1049,Helsa,Zenas,Helsa.Zenas@yopmail.com,Helsa.Zenas@gmail.com,firefighter
1050,Nelle,Giule,Nelle.Giule@yopmail.com,Nelle.Giule@gmail.com,doctor
1051,Kittie,Emerson,Kittie.Emerson@yopmail.com,Kittie.Emerson@gmail.com,developer
1052,Katuscha,Dorcy,Katuscha.Dorcy@yopmail.com,Katuscha.Dorcy@gmail.com,police officer
1053,Lisette,Henrie,Lisette.Henrie@yopmail.com,Lisette.Henrie@gmail.com,developer
1054,Alie,Georgy,Alie.Georgy@yopmail.com,Alie.Georgy@gmail.com,doctor
1055,June,Ovid,June.Ovid@yopmail.com,June.Ovid@gmail.com,worker
1056,Chrystel,Oneida,Chrystel.Oneida@yopmail.com,Chrystel.Oneida@gmail.com,firefighter
1057,Tani,Mozelle,Tani.Mozelle@yopmail.com,Tani.Mozelle@gmail.com,worker
1058,Malina,Hilbert,Malina.Hilbert@yopmail.com,Malina.Hilbert@gmail.com,developer
1059,Tori,Quinn,Tori.Quinn@yopmail.com,Tori.Quinn@gmail.com,worker
1060,Eolanda,Mathilde,Eolanda.Mathilde@yopmail.com,Eolanda.Mathilde@gmail.com,worker
1061,Jorry,Wind,Jorry.Wind@yopmail.com,Jorry.Wind@gmail.com,police officer
1062,Ninnetta,Meter,Ninnetta.Meter@yopmail.com,Ninnetta.Meter@gmail.com,worker
1063,Shel,Schlosser,Shel.Schlosser@yopmail.com,Shel.Schlosser@gmail.com,developer
1064,Lita,Bennie,Lita.Bennie@yopmail.com,Lita.Bennie@gmail.com,doctor
1065,Ofilia,Fredi,Ofilia.Fredi@yopmail.com,Ofilia.Fredi@gmail.com,police officer
1066,Tabbatha,Vilma,Tabbatha.Vilma@yopmail.com,Tabbatha.Vilma@gmail.com,developer
1067,Viviene,O'Carroll,Viviene.O'Carroll@yopmail.com,Viviene.O'Carroll@gmail.com,developer
1068,Donnie,Rogerio,Donnie.Rogerio@yopmail.com,Donnie.Rogerio@gmail.com,doctor
1069,Babita,Henrie,Babita.Henrie@yopmail.com,Babita.Henrie@gmail.com,doctor
1070,Daphne,Infield,Daphne.Infield@yopmail.com,Daphne.Infield@gmail.com,police officer
1071,Mariele,Edison,Mariele.Edison@yopmail.com,Mariele.Edison@gmail.com,firefighter
1072,Concettina,Callista,Concettina.Callista@yopmail.com,Concettina.Callista@gmail.com,firefighter
1073,Alameda,Charity,Alameda.Charity@yopmail.com,Alameda.Charity@gmail.com,developer
1074,Mady,Millda,Mady.Millda@yopmail.com,Mady.Millda@gmail.com,developer
1075,Kenna,Bearnard,Kenna.Bearnard@yopmail.com,Kenna.Bearnard@gmail.com,firefighter
1076,Tatiania,Roscoe,Tatiania.Roscoe@yopmail.com,Tatiania.Roscoe@gmail.com,doctor
1077,Silvana,Haldas,Silvana.Haldas@yopmail.com,Silvana.Haldas@gmail.com,doctor
1078,Ericka,Dermott,Ericka.Dermott@yopmail.com,Ericka.Dermott@gmail.com,firefighter
1079,Caritta,Swigart,Caritta.Swigart@yopmail.com,Caritta.Swigart@gmail.com,firefighter
1080,Althea,Hachmin,Althea.Hachmin@yopmail.com,Althea.Hachmin@gmail.com,firefighter
1081,Peri,Selway,Peri.Selway@yopmail.com,Peri.Selway@gmail.com,police officer
1082,Amii,Pandolfi,Amii.Pandolfi@yopmail.com,Amii.Pandolfi@gmail.com,developer
1083,Stephanie,Nester,Stephanie.Nester@yopmail.com,Stephanie.Nester@gmail.com,police officer
1084,Eugine,Brunell,Eugine.Brunell@yopmail.com,Eugine.Brunell@gmail.com,doctor
1085,Flory,Hillel,Flory.Hillel@yopmail.com,Flory.Hillel@gmail.com,doctor
1086,Pollyanna,Fabiola,Pollyanna.Fabiola@yopmail.com,Pollyanna.Fabiola@gmail.com,developer
1087,Ginnie,Maxi,Ginnie.Maxi@yopmail.com,Ginnie.Maxi@gmail.com,worker
1088,Estell,Lemuela,Estell.Lemuela@yopmail.com,Estell.Lemuela@gmail.com,firefighter
1089,Darci,Michella,Darci.Michella@yopmail.com,Darci.Michella@gmail.com,police officer
1090,Barbara,Darrell,Barbara.Darrell@yopmail.com,Barbara.Darrell@gmail.com,doctor
1091,Cristabel,McLaughlin,Cristabel.McLaughlin@yopmail.com,Cristabel.McLaughlin@gmail.com,police officer
1092,Ottilie,Dichy,Ottilie.Dichy@yopmail.com,Ottilie.Dichy@gmail.com,worker
1093,Agnese,Esmaria,Agnese.Esmaria@yopmail.com,Agnese.Esmaria@gmail.com,doctor
1094,Margalo,Hieronymus,Margalo.Hieronymus@yopmail.com,Margalo.Hieronymus@gmail.com,doctor
1095,Lauryn,Arvo,Lauryn.Arvo@yopmail.com,Lauryn.Arvo@gmail.com,worker
1096,Rosanne,Percy,Rosanne.Percy@yopmail.com,Rosanne.Percy@gmail.com,police officer
1097,Justinn,Maroney,Justinn.Maroney@yopmail.com,Justinn.Maroney@gmail.com,firefighter
1098,Rosene,Eugenia,Rosene.Eugenia@yopmail.com,Rosene.Eugenia@gmail.com,firefighter
1099,Vinita,Armanda,Vinita.Armanda@yopmail.com,Vinita.Armanda@gmail.com,worker