id,firstname,lastname,email,email2,profession
100,Beverley,Kenwood,Beverley.Kenwood@yopmail.com,Beverley.Kenwood@gmail.com,developer
101,Rivalee,Graig,Rivalee.Graig@yopmail.com,Rivalee.Graig@gmail.com,firefighter
102,Lauryn,Aaberg,Lauryn.Aaberg@yopmail.com,Lauryn.Aaberg@gmail.com,worker
103,Verla,Lewes,Verla.Lewes@yopmail.com,Verla.Lewes@gmail.com,police officer
104,Gusella,Odysseus,Gusella.Odysseus@yopmail.com,Gusella.Odysseus@gmail.com,doctor
105,Kelly,Hertzfeld,Kelly.Hertzfeld@yopmail.com,Kelly.Hertzfeld@gmail.com,police officer
106,Max,Urias,Max.Urias@yopmail.com,Max.Urias@gmail.com,developer
107,Cindelyn,Allys,Cindelyn.Allys@yopmail.com,Cindelyn.Allys@gmail.com,police officer
108,Merry,Ivens,Merry.Ivens@yopmail.com,Merry.Ivens@gmail.com,doctor
109,Ana,Ashok,Ana.Ashok@yopmail.com,Ana.Ashok@gmail.com,police officer
110,Ardenia,Havens,Ardenia.Havens@yopmail.com,Ardenia.Havens@gmail.com,worker
111,Ginnie,Gaspard,Ginnie.Gaspard@yopmail.com,Ginnie.Gaspard@gmail.com,firefighter
112,Nonnah,Pip,Nonnah.Pip@yopmail.com,Nonnah.Pip@gmail.com,developer
113,Nadine,Ferrell,Nadine.Ferrell@yopmail.com,Nadine.Ferrell@gmail.com,developer
114,Mariann,Kristi,Mariann.Kristi@yopmail.com,Mariann.Kristi@gmail.com,worker
115,Consuela,Tristram,Consuela.Tristram@yopmail.com,Consuela.Tristram@gmail.com,police officer
116,Ayn,Aida,Ayn.Aida@yopmail.com,Ayn.Aida@gmail.com,doctor
117,Ana,Emanuel,Ana.Emanuel@yopmail.com,Ana.Emanuel@gmail.com,doctor
118,Mamie,Taam,Mamie.Taam@yopmail.com,Mamie.Taam@gmail.com,worker
119,Cristine,Aaberg,Cristine.Aaberg@yopmail.com,Cristine.Aaberg@gmail.com,firefighter
120,Drucie,Lay,Drucie.Lay@yopmail.com,Drucie.Lay@gmail.com,police officer
121,Nananne,Maurine,Nananne.Maurine@yopmail.com,Nananne.Maurine@gmail.com,worker
122,Janeczka,Monk,Janeczka.Monk@yopmail.com,Janeczka.Monk@gmail.com,worker
123,Valli,Halla,Valli.Halla@yopmail.com,Valli.Halla@gmail.com,doctor
124,Winifred,Huggins,Winifred.Huggins@yopmail.com,Winifred.Huggins@gmail.com,worker
125,Aurelie,Winnick,Aurelie.Winnick@yopmail.com,Aurelie.Winnick@gmail.com,police officer
126,Harrietta,Lindemann,Harrietta.Lindemann@yopmail.com,Harrietta.Lindemann@gmail.com,developer
127,Phedra,Suanne,Phedra.Suanne@yopmail.com,Phedra.Suanne@gmail.com,worker
128,Leeanne,Merna,Leeanne.Merna@yopmail.com,Leeanne.Merna@gmail.com,worker
129,Bettine,Devlen,Bettine.Devlen@yopmail.com,Bettine.Devlen@gmail.com,police officer
130,Yolane,Shaver,Yolane.Shaver@yopmail.com,Yolane.Shaver@gmail.com,doctor
131,Eugine,Kunin,Eugine.Kunin@yopmail.com,Eugine.Kunin@gmail.com,doctor
132,Nonnah,Hebner,Nonnah.Hebner@yopmail.com,Nonnah.Hebner@gmail.com,firefighter
133,Lyssa,Whittaker,Lyssa.Whittaker@yopmail.com,Lyssa.Whittaker@gmail.com,firefighter
134,Lauryn,Garrison,Lauryn.Garrison@yopmail.com,Lauryn.Garrison@gmail.com,doctor
135,Farrah,Lenny,Farrah.Lenny@yopmail.com,Farrah.Lenny@gmail.com,worker
136,Florencia,Fredi,Florencia.Fredi@yopmail.com,Florencia.Fredi@gmail.com,firefighter
137,Dotty,Ursulette,Dotty.Ursulette@yopmail.com,Dotty.Ursulette@gmail.com,police officer
138,Nelle,Blase,Nelle.Blase@yopmail.com,Nelle.Blase@gmail.com,doctor
139,Kathy,Sibyls,Kathy.Sibyls@yopmail.com,Kathy.Sibyls@gmail.com,firefighter
140,Meg,Carolin,Meg.Carolin@yopmail.com,Meg.Carolin@gmail.com,firefighter
141,Chere,Randene,Chere.Randene@yopmail.com,Chere.Randene@gmail.com,doctor
142,Lynde,Diogenes,Lynde.Diogenes@yopmail.com,Lynde.Diogenes@gmail.com,doctor
143,Cyb,Bow,Cyb.Bow@yopmail.com,Cyb.Bow@gmail.com,firefighter
144,Sean,Socha,Sean.Socha@yopmail.com,Sean.Socha@gmail.com,firefighter
145,Janis,Vanni,Janis.Vanni@yopmail.com,Janis.Vanni@gmail.com,firefighter
146,Candy,Kirstin,Candy.Kirstin@yopmail.com,Candy.Kirstin@gmail.com,developer
147,Mariann,Ioab,Mariann.Ioab@yopmail.com,Mariann.Ioab@gmail.com,worker
148,Shaine,Vastah,Shaine.Vastah@yopmail.com,Shaine.Vastah@gmail.com,police officer
149,Heddie,Sibyls,Heddie.Sibyls@yopmail.com,Heddie.Sibyls@gmail.com,police officer
150,Karly,Brotherson,Karly.Brotherson@yopmail.com,Karly.Brotherson@gmail.com,firefighter
151,Stacey,Primalia,Stacey.Primalia@yopmail.com,Stacey.Primalia@gmail.com,police officer
152,Maud,Cimbura,Maud.Cimbura@yopmail.com,Maud.Cimbura@gmail.com,developer
153,Letizia,Trinetta,Letizia.Trinetta@yopmail.com,Letizia.Trinetta@gmail.com,doctor
154,Noelle,Han,Noelle.Han@yopmail.com,Noelle.Han@gmail.com,worker
155,Asia,Silvan,Asia.Silvan@yopmail.com,Asia.Silvan@gmail.com,police officer
156,Dorthy,Lanita,Dorthy.Lanita@yopmail.com,Dorthy.Lanita@gmail.com,worker
157,Emelina,Thornburg,Emelina.Thornburg@yopmail.com,Emelina.Thornburg@gmail.com,doctor
158,Gwyneth,Darrell,Gwyneth.Darrell@yopmail.com,Gwyneth.Darrell@gmail.com,developer
159,Giustina,Maryanne,Giustina.Maryanne@yopmail.com,Giustina.Maryanne@gmail.com,doctor
160,Antonietta,Goerke,Antonietta.Goerke@yopmail.com,Antonietta.Goerke@gmail.com,police officer
161,Marylou,Jotham,Marylou.Jotham@yopmail.com,Marylou.Jotham@gmail.com,worker
162,Josephine,Dulciana,Josephine.Dulciana@yopmail.com,Josephine.Dulciana@gmail.com,firefighter
163,Sharai,Damarra,Sharai.Damarra@yopmail.com,Sharai.Damarra@gmail.com,worker
164,Rivalee,Baudin,Rivalee.Baudin@yopmail.com,Rivalee.Baudin@gmail.com,firefighter
165,Marti,Tjon,Marti.Tjon@yopmail.com,Marti.Tjon@gmail.com,firefighter
166,Zondra,Shirberg,Zondra.Shirberg@yopmail.com,Zondra.Shirberg@gmail.com,doctor
167,Shel,Blisse,Shel.Blisse@yopmail.com,Shel.Blisse@gmail.com,police officer
168,Frank,Iphlgenia,Frank.Iphlgenia@yopmail.com,Frank.Iphlgenia@gmail.com,developer
169,Moyna,Natica,Moyna.Natica@yopmail.com,Moyna.Natica@gmail.com,worker
170,Correy,Jefferey,Correy.Jefferey@yopmail.com,Correy.Jefferey@gmail.com,doctor
171,Gerianna,Doig,Gerianna.Doig@yopmail.com,Gerianna.Doig@gmail.com,worker
172,Eadie,Bultman,Eadie.Bultman@yopmail.com,Eadie.Bultman@gmail.com,doctor
173,Letizia,Hewitt,Letizia.Hewitt@yopmail.com,Letizia.Hewitt@gmail.com,worker
174,Alejandra,Marijo,Alejandra.Marijo@yopmail.com,Alejandra.Marijo@gmail.com,police officer
175,Vinita,Hurley,Vinita.Hurley@yopmail.com,Vinita.Hurley@gmail.com,doctor
176,Inga,Henrie,Inga.Henrie@yopmail.com,Inga.Henrie@gmail.com,developer
177,Fina,Berl,Fina.Berl@yopmail.com,Fina.Berl@gmail.com,worker
178,Taffy,Othilia,Taffy.Othilia@yopmail.com,Taffy.Othilia@gmail.com,doctor
179,Modestia,Esmaria,Modestia.Esmaria@yopmail.com,Modestia.Esmaria@gmail.com,firefighter
180,Christal,Vacuva,Christal.Vacuva@yopmail.com,Christal.Vacuva@gmail.com,worker
181,Hallie,An,Hallie.An@yopmail.com,Hallie.An@gmail.com,developer
182,Briney,Pacorro,Briney.Pacorro@yopmail.com,Briney.Pacorro@gmail.com,worker
183,Nyssa,Publia,Nyssa.Publia@yopmail.com,Nyssa.Publia@gmail.com,police officer
184,Raquela,Forrer,Raquela.Forrer@yopmail.com,Raquela.Forrer@gmail.com,police officer
185,Merci,Hebner,Merci.Hebner@yopmail.com,Merci.Hebner@gmail.com,police officer
186,Kathi,Rooney,Kathi.Rooney@yopmail.com,Kathi.Rooney@gmail.com,police officer
187,Dolli,Alwin,Dolli.Alwin@yopmail.com,Dolli.Alwin@gmail.com,firefighter
188,Jan,Ortrude,Jan.Ortrude@yopmail.com,Jan.Ortrude@gmail.com,worker
189,Ebonee,Alfons,Ebonee.Alfons@yopmail.com,Ebonee.Alfons@gmail.com,worker
190,Catharine,Tomasina,Catharine.Tomasina@yopmail.com,Catharine.Tomasina@gmail.com,police officer
191,Giustina,Minetta,Giustina.Minetta@yopmail.com,Giustina.Minetta@gmail.com,firefighter
192,Violet,Hertzfeld,Violet.Hertzfeld@yopmail.com,Violet.Hertzfeld@gmail.com,worker
193,Shirlee,Denis,Shirlee.Denis@yopmail.com,Shirlee.Denis@gmail.com,firefighter
194,Tierney,Berriman,Tierney.Berriman@yopmail.com,Tierney.Berriman@gmail.com,firefighter
195,Imojean,Bevin,Imojean.Bevin@yopmail.com,Imojean.Bevin@gmail.com,firefighter
196,Jordan,Emmaline,Jordan.Emmaline@yopmail.com,Jordan.Emmaline@gmail.com,worker
197,Florie,Scammon,Florie.Scammon@yopmail.com,Florie.Scammon@gmail.com,doctor
198,Konstance,Leopold,Konstance.Leopold@yopmail.com,Konstance.Leopold@gmail.com,police officer
199,Rori,Saint,Rori.Saint@yopmail.com,Rori.Saint@gmail.com,developer
200,Lita,Palocz,Lita.Palocz@yopmail.com,Lita.Palocz@gmail.com,doctor
201,Gabriellia,Deny,Gabriellia.Deny@yopmail.com,Gabriellia.Deny@gmail.com,firefighter
202,Kristan,Seligman,Kristan.Seligman@yopmail.com,Kristan.Seligman@gmail.com,worker
203,Feliza,Read,Feliza.Read@yopmail.com,Feliza.Read@gmail.com,doctor
204,Vinita,Schroth,Vinita.Schroth@yopmail.com,Vinita.Schroth@gmail.com,police officer
205,Mellicent,Malvino,Mellicent.Malvino@yopmail.com,Mellicent.Malvino@gmail.com,police officer
206,Natka,Shaddock,Natka.Shaddock@yopmail.com,Natka.Shaddock@gmail.com,worker
207,Jsandye,Tacye,Jsandye.Tacye@yopmail.com,Jsandye.Tacye@gmail.com,developer
208,Bertine,Alice,Bertine.Alice@yopmail.com,Bertine.Alice@gmail.com,firefighter
209,Marti,Lauraine,Marti.Lauraine@yopmail.com,Marti.Lauraine@gmail.com,doctor
210,Agnese,Hermes,Agnese.Hermes@yopmail.com,Agnese.Hermes@gmail.com,developer
211,Starla,Talia,Starla.Talia@yopmail.com,Starla.Talia@gmail.com,firefighter
212,Lauryn,Saunderson,Lauryn.Saunderson@yopmail.com,Lauryn.Saunderson@gmail.com,developer
213,Rori,Adalbert,Rori.Adalbert@yopmail.com,Rori.Adalbert@gmail.com,developer
214,Ketti,Lane,Ketti.Lane@yopmail.com,Ketti.Lane@gmail.com,developer
215,Candi,Marcellus,Candi.Marcellus@yopmail.com,Candi.Marcellus@gmail.com,worker
216,Rubie,Mayeda,Rubie.Mayeda@yopmail.com,Rubie.Mayeda@gmail.com,firefighter
217,Halette,Olnee,Halette.Olnee@yopmail.com,Halette.Olnee@gmail.com,firefighter
218,Sonni,Pulsifer,Sonni.Pulsifer@yopmail.com,Sonni.Pulsifer@gmail.com,worker
219,Blondelle,Vacuva,Blondelle.Vacuva@yopmail.com,Blondelle.Vacuva@gmail.com,doctor
220,Ana,Palocz,Ana.Palocz@yopmail.com,Ana.Palocz@gmail.com,worker
221,Penelopa,Anastatius,Penelopa.Anastatius@yopmail.com,Penelopa.Anastatius@gmail.com,worker
222,Alejandra,Raseda,Alejandra.Raseda@yopmail.com,Alejandra.Raseda@gmail.com,worker
223,Alameda,Ammann,Alameda.Ammann@yopmail.com,Alameda.Ammann@gmail.com,worker
224,Alexine,Milson,Alexine.Milson@yopmail.com,Alexine.Milson@gmail.com,firefighter
225,Adriana,Fitzsimmons,Adriana.Fitzsimmons@yopmail.com,Adriana.Fitzsimmons@gmail.com,developer
226,Marylou,Saree,Marylou.Saree@yopmail.com,Marylou.Saree@gmail.com,police officer
227,Bettine,Ingra,Bettine.Ingra@yopmail.com,Bettine.Ingra@gmail.com,firefighter
228,Ann-Marie,Dex,Ann-Marie.Dex@yopmail.com,Ann-Marie.Dex@gmail.com,worker
229,Janeczka,Lucienne,Janeczka.Lucienne@yopmail.com,Janeczka.Lucienne@gmail.com,doctor
230,Ileana,Devlen,Ileana.Devlen@yopmail.com,Ileana.Devlen@gmail.com,doctor
231,Amalie,Thema,Amalie.Thema@yopmail.com,Amalie.Thema@gmail.com,doctor
232,Charmaine,Winthorpe,Charmaine.Winthorpe@yopmail.com,Charmaine.Winthorpe@gmail.com,firefighter
233,Mariann,Buttaro,Mariann.Buttaro@yopmail.com,Mariann.Buttaro@gmail.com,firefighter
234,Tersina,Giff,Tersina.Giff@yopmail.com,Tersina.Giff@gmail.com,worker
235,Sheree,Simmonds,Sheree.Simmonds@yopmail.com,Sheree.Simmonds@gmail.com,doctor
236,Teriann,Kravits,Teriann.Kravits@yopmail.com,Teriann.Kravits@gmail.com,police officer
237,Imojean,Sabella,Imojean.Sabella@yopmail.com,Imojean.Sabella@gmail.com,police officer
238,Audrie,Sundin,Audrie.Sundin@yopmail.com,Audrie.Sundin@gmail.com,worker
239,Priscilla,Gower,Priscilla.Gower@yopmail.com,Priscilla.Gower@gmail.com,firefighter
240,Annecorinne,Kevon,Annecorinne.Kevon@yopmail.com,Annecorinne.Kevon@gmail.com,doctor
241,Winny,Dimitris,Winny.Dimitris@yopmail.com,Winny.Dimitris@gmail.com,police officer
242,Hannis,Loring,Hannis.Loring@yopmail.com,Hannis.Loring@gmail.com,developer
243,Valeda,Gualtiero,Valeda.Gualtiero@yopmail.com,Valeda.Gualtiero@gmail.com,developer
244,Joelly,Pascia,Joelly.Pascia@yopmail.com,Joelly.Pascia@gmail.com,worker
245,Ezmeralda,Buffum,Ezmeralda.Buffum@yopmail.com,Ezmeralda.Buffum@gmail.com,police officer
246,Marsiella,Israeli,Marsiella.Israeli@yopmail.com,Marsiella.Israeli@gmail.com,firefighter
247,Nikki,Kermit,Nikki.Kermit@yopmail.com,Nikki.Kermit@gmail.com,developer
248,Demetris,Laurianne,Demetris.Laurianne@yopmail.com,Demetris.Laurianne@gmail.com,worker
249,Joelly,Whiffen,Joelly.Whiffen@yopmail.com,Joelly.Whiffen@gmail.com,worker
250,Xylina,Stacy,Xylina.Stacy@yopmail.com,Xylina.Stacy@gmail.com,police officer
251,Correy,Bates,Correy.Bates@yopmail.com,Correy.Bates@gmail.com,firefighter
252,Margette,Sharl,Margette.Sharl@yopmail.com,Margette.Sharl@gmail.com,firefighter
253,Korrie,Heisel,Korrie.Heisel@yopmail.com,Korrie.Heisel@gmail.com,developer
254,Gusella,Marlie,Gusella.Marlie@yopmail.com,Gusella.Marlie@gmail.com,worker
255,Tonia,Jotham,Tonia.Jotham@yopmail.com,Tonia.Jotham@gmail.com,developer
256,Aurelie,Nea,Aurelie.Nea@yopmail.com,Aurelie.Nea@gmail.com,police officer
257,Jerry,Angelis,Jerry.Angelis@yopmail.com,Jerry.Angelis@gmail.com,worker
258,Atlanta,Zamora,Atlanta.Zamora@yopmail.com,Atlanta.Zamora@gmail.com,police officer
259,Clarice,Ephrem,Clarice.Ephrem@yopmail.com,Clarice.Ephrem@gmail.com,worker
260,Rosene,Roscoe,Rosene.Roscoe@yopmail.com,Rosene.Roscoe@gmail.com,doctor
261,Lesly,Bobbee,Lesly.Bobbee@yopmail.com,Lesly.Bobbee@gmail.com,worker
262,Juliane,Morgun,Juliane.Morgun@yopmail.com,Juliane.Morgun@gmail.com,police officer
263,Jackie,Baptlsta,Jackie.Baptlsta@yopmail.com,Jackie.Baptlsta@gmail.com,doctor
264,Hope,Philoo,Hope.Philoo@yopmail.com,Hope.Philoo@gmail.com,firefighter
265,Betta,Vacuva,Betta.Vacuva@yopmail.com,Betta.Vacuva@gmail.com,police officer
266,Amii,Gillan,Amii.Gillan@yopmail.com,Amii.Gillan@gmail.com,doctor
267,Letizia,Leffen,Letizia.Leffen@yopmail.com,Letizia.Leffen@gmail.com,police officer
268,Robinia,Haerr,Robinia.Haerr@yopmail.com,Robinia.Haerr@gmail.com,doctor
269,Etta,Woodberry,Etta.Woodberry@yopmail.com,Etta.Woodberry@gmail.com,firefighter
270,Celene,Lacombe,Celene.Lacombe@yopmail.com,Celene.Lacombe@gmail.com,firefighter
271,Konstance,Ilka,Konstance.Ilka@yopmail.com,Konstance.Ilka@gmail.com,police officer
272,Eolanda,Zetta,Eolanda.Zetta@yopmail.com,Eolanda.Zetta@gmail.com,doctor
273,Sashenka,Ruvolo,Sashenka.Ruvolo@yopmail.com,Sashenka.Ruvolo@gmail.com,developer
274,Ada,Simmonds,Ada.Simmonds@yopmail.com,Ada.Simmonds@gmail.com,doctor
275,Latisha,Kaete,Latisha.Kaete@yopmail.com,Latisha.Kaete@gmail.com,doctor
276,Nessie,Urias,Nessie.Urias@yopmail.com,Nessie.Urias@gmail.com,police officer
277,Marylou,Dulciana,Marylou.Dulciana@yopmail.com,Marylou.Dulciana@gmail.com,worker
278,Gusella,Fadiman,Gusella.Fadiman@yopmail.com,Gusella.Fadiman@gmail.com,worker
279,Audrie,Haldas,Audrie.Haldas@yopmail.com,Audrie.Haldas@gmail.com,doctor
280,Ericka,Amethist,Ericka.Amethist@yopmail.com,Ericka.Amethist@gmail.com,developer
281,Emma,Lubin,Emma.Lubin@yopmail.com,Emma.Lubin@gmail.com,firefighter
282,Jan,Moseley,Jan.Moseley@yopmail.com,Jan.Moseley@gmail.com,worker
283,Deane,Bevin,Deane.Bevin@yopmail.com,Deane.Bevin@gmail.com,developer
284,Anica,Harday,Anica.Harday@yopmail.com,Anica.Harday@gmail.com,doctor
285,Neila,Erb,Neila.Erb@yopmail.com,Neila.Erb@gmail.com,doctor
286,Arabel,Zrike,Arabel.Zrike@yopmail.com,Arabel.Zrike@gmail.com,police officer
287,Fidelia,Autrey,Fidelia.Autrey@yopmail.com,Fidelia.Autrey@gmail.com,firefighter
288,Rosaline,Teryn,Rosaline.Teryn@yopmail.com,Rosaline.Teryn@gmail.com,police officer
289,Elsie,Dichy,Elsie.Dichy@yopmail.com,Elsie.Dichy@gmail.com,doctor
290,Catharine,Zamora,Catharine.Zamora@yopmail.com,Catharine.Zamora@gmail.com,firefighter
291,Bee,Publia,Bee.Publia@yopmail.com,Bee.Publia@gmail.com,firefighter
292,Desirae,Ade,Desirae.Ade@yopmail.com,Desirae.Ade@gmail.com,doctor
293,Chrystel,Rheingold,Chrystel.Rheingold@yopmail.com,Chrystel.Rheingold@gmail.com,developer
294,Bobinette,Ashok,Bobinette.Ashok@yopmail.com,Bobinette.Ashok@gmail.com,worker
295,Mildrid,Margarete,Mildrid.Margarete@yopmail.com,Mildrid.Margarete@gmail.com,worker
296,Marnia,Longfellow,Marnia.Longfellow@yopmail.com,Marnia.Longfellow@gmail.com,developer
297,Marjie,Kendrick,Marjie.Kendrick@yopmail.com,Marjie.Kendrick@gmail.com,police officer
298,Viki,Prober,Viki.Prober@yopmail.com,Viki.Prober@gmail.com,doctor
299,Emilia,Jagir,Emilia.Jagir@yopmail.com,Emilia.Jagir@gmail.com,firefighter
300,Chastity,Dituri,Chastity.Dituri@yopmail.com,Chastity.Dituri@gmail.com,firefighter
301,Elie,Sidonius,Elie.Sidonius@yopmail.com,Elie.Sidonius@gmail.com,police officer
302,Alyssa,Khorma,Alyssa.Khorma@yopmail.com,Alyssa.Khorma@gmail.com,police officer
303,Beatriz,Clara,Beatriz.Clara@yopmail.com,Beatriz.Clara@gmail.com,worker
304,Kary,Byrne,Kary.Byrne@yopmail.com,Kary.Byrne@gmail.com,worker
305,Clary,Gladstone,Clary.Gladstone@yopmail.com,Clary.Gladstone@gmail.com,police officer
306,Viviene,Leonard,Viviene.Leonard@yopmail.com,Viviene.Leonard@gmail.com,doctor
307,Chere,Vittoria,Chere.Vittoria@yopmail.com,Chere.Vittoria@gmail.com,doctor
308,Mara,Helve,Mara.Helve@yopmail.com,Mara.Helve@gmail.com,worker
309,Cacilie,Vacuva,Cacilie.Vacuva@yopmail.com,Cacilie.Vacuva@gmail.com,police officer
310,Valeda,Mike,Valeda.Mike@yopmail.com,Valeda.Mike@gmail.com,developer
311,Lesly,Chabot,Lesly.Chabot@yopmail.com,Lesly.Chabot@gmail.com,worker
312,Clementine,Weinreb,Clementine.Weinreb@yopmail.com,Clementine.Weinreb@gmail.com,police officer
313,Kirbee,Carmena,Kirbee.Carmena@yopmail.com,Kirbee.Carmena@gmail.com,firefighter
314,Concettina,Buttaro,Concettina.Buttaro@yopmail.com,Concettina.Buttaro@gmail.com,worker
315,Gretal,Craggie,Gretal.Craggie@yopmail.com,Gretal.Craggie@gmail.com,firefighter
316,Alleen,Gibbeon,Alleen.Gibbeon@yopmail.com,Alleen.Gibbeon@gmail.com,worker
317,Carlie,Koziara,Carlie.Koziara@yopmail.com,Carlie.Koziara@gmail.com,worker
318,Claudina,Stevy,Claudina.Stevy@yopmail.com,Claudina.Stevy@gmail.com,worker
319,Pearline,Hanleigh,Pearline.Hanleigh@yopmail.com,Pearline.Hanleigh@gmail.com,doctor
320,Tera,Socha,Tera.Socha@yopmail.com,Tera.Socha@gmail.com,developer
321,Maridel,Moina,Maridel.Moina@yopmail.com,Maridel.Moina@gmail.com,firefighter
322,Bertine,Marijo,Bertine.Marijo@yopmail.com,Bertine.Marijo@gmail.com,firefighter
323,Frieda,Kosey,Frieda.Kosey@yopmail.com,Frieda.Kosey@gmail.com,developer
324,Marita,Honoria,Marita.Honoria@yopmail.com,Marita.Honoria@gmail.com,developer
325,Fanny,Rolf,Fanny.Rolf@yopmail.com,Fanny.Rolf@gmail.com,police officer
326,Brietta,Kathie,Brietta.Kathie@yopmail.com,Brietta.Kathie@gmail.com,firefighter
327,Asia,Fredi,Asia.Fredi@yopmail.com,Asia.Fredi@gmail.com,doctor
328,Meg,Shaddock,Meg.Shaddock@yopmail.com,Meg.Shaddock@gmail.com,developer
329,Lily,Audly,Lily.Audly@yopmail.com,Lily.Audly@gmail.com,doctor
330,Fayre,Brieta,Fayre.Brieta@yopmail.com,Fayre.Brieta@gmail.com,firefighter
331,Pearline,Demitria,Pearline.Demitria@yopmail.com,Pearline.Demitria@gmail.com,police officer
332,Rayna,Kinnard,Rayna.Kinnard@yopmail.com,Rayna.Kinnard@gmail.com,developer
333,Gilda,Thilda,Gilda.Thilda@yopmail.com,Gilda.Thilda@gmail.com,doctor
334,Ardys,Wildermuth,Ardys.Wildermuth@yopmail.com,Ardys.Wildermuth@gmail.com,police officer
335,Tori,Celestine,Tori.Celestine@yopmail.com,Tori.Celestine@gmail.com,developer
336,Nanete,Raul,Nanete.Raul@yopmail.com,Nanete.Raul@gmail.com,firefighter
337,Anallese,Nicoline,Anallese.Nicoline@yopmail.com,Anallese.Nicoline@gmail.com,doctor
338,Hildegaard,Rogerio,Hildegaard.Rogerio@yopmail.com,Hildegaard.Rogerio@gmail.com,doctor
339,Sara-Ann,Cornelia,Sara-Ann.Cornelia@yopmail.com,Sara-Ann.Cornelia@gmail.com,police officer
340,Bobbi,Buttaro,Bobbi.Buttaro@yopmail.com,Bobbi.Buttaro@gmail.com,police officer
341,Iseabal,Torray,Iseabal.Torray@yopmail.com,Iseabal.Torray@gmail.com,doctor
342,Harrietta,Sundin,Harrietta.Sundin@yopmail.com,Harrietta.Sundin@gmail.com,police officer
343,Melanie,Hirsch,Melanie.Hirsch@yopmail.com,Melanie.Hirsch@gmail.com,firefighter
344,Barbara,Rebecka,Barbara.Rebecka@yopmail.com,Barbara.Rebecka@gmail.com,doctor
345,Pollyanna,Sidonius,Pollyanna.Sidonius@yopmail.com,Pollyanna.Sidonius@gmail.com,developer
346,Cristabel,Casimir,Cristabel.Casimir@yopmail.com,Cristabel.Casimir@gmail.com,developer
347,Stevana,Korey,Stevana.Korey@yopmail.com,Stevana.Korey@gmail.com,doctor
348,Imojean,Montgomery,Imojean.Montgomery@yopmail.com,Imojean.Montgomery@gmail.com,doctor
349,Robinia,Phyllis,Robinia.Phyllis@yopmail.com,Robinia.Phyllis@gmail.com,worker
350,Benita,Dermott,Benita.Dermott@yopmail.com,Benita.Dermott@gmail.com,doctor
351,Janeczka,Kravits,Janeczka.Kravits@yopmail.com,Janeczka.Kravits@gmail.com,worker
352,Dianemarie,Hathaway,Dianemarie.Hathaway@yopmail.com,Dianemarie.Hathaway@gmail.com,police officer
353,Berget,Rossner,Berget.Rossner@yopmail.com,Berget.Rossner@gmail.com,doctor
354,Yolane,Calhoun,Yolane.Calhoun@yopmail.com,Yolane.Calhoun@gmail.com,firefighter
355,Henriette,Ludewig,Henriette.Ludewig@yopmail.com,Henriette.Ludewig@gmail.com,police officer
356,Wanda,Vastah,Wanda.Vastah@yopmail.com,Wanda.Vastah@gmail.com,developer
357,Alleen,Catie,Alleen.Catie@yopmail.com,Alleen.Catie@gmail.com,doctor
358,Anica,Colleen,Anica.Colleen@yopmail.com,Anica.Colleen@gmail.com,developer
359,Brooks,Hertzfeld,Brooks.Hertzfeld@yopmail.com,Brooks.Hertzfeld@gmail.com,police officer
360,Natka,Brian,Natka.Brian@yopmail.com,Natka.Brian@gmail.com,doctor
361,Kristan,Maryanne,Kristan.Maryanne@yopmail.com,Kristan.Maryanne@gmail.com,worker
362,Mahalia,Haldas,Mahalia.Haldas@yopmail.com,Mahalia.Haldas@gmail.com,developer
363,Margarette,Douglass,Margarette.Douglass@yopmail.com,Margarette.Douglass@gmail.com,police officer
364,Jsandye,Si,Jsandye.Si@yopmail.com,Jsandye.Si@gmail.com,worker
365,Susan,Anderea,Susan.Anderea@yopmail.com,Susan.Anderea@gmail.com,firefighter
366,Kellen,Kunin,Kellen.Kunin@yopmail.com,Kellen.Kunin@gmail.com,firefighter
367,Valeda,Wenoa,Valeda.Wenoa@yopmail.com,Valeda.Wenoa@gmail.com,worker
368,Hayley,Gilmour,Hayley.Gilmour@yopmail.com,Hayley.Gilmour@gmail.com,worker
369,Ronna,Iphlgenia,Ronna.Iphlgenia@yopmail.com,Ronna.Iphlgenia@gmail.com,police officer
370,Cyb,Nadia,Cyb.Nadia@yopmail.com,Cyb.Nadia@gmail.com,doctor
371,Ilse,Goth,Ilse.Goth@yopmail.com,Ilse.Goth@gmail.com,developer
372,Starla,Cleo,Starla.Cleo@yopmail.com,Starla.Cleo@gmail.com,police officer
373,Etta,Cristi,Etta.Cristi@yopmail.com,Etta.Cristi@gmail.com,police officer
374,Trixi,Cressida,Trixi.Cressida@yopmail.com,Trixi.Cressida@gmail.com,developer
375,Kassey,Parette,Kassey.Parette@yopmail.com,Kassey.Parette@gmail.com,police officer
376,Josephine,Roche,Josephine.Roche@yopmail.com,Josephine.Roche@gmail.com,worker
377,Esmeralda,Sandye,Esmeralda.Sandye@yopmail.com,Esmeralda.Sandye@gmail.com,worker
378,Barbara,Blake,Barbara.Blake@yopmail.com,Barbara.Blake@gmail.com,police officer
379,Marinna,Kauppi,Marinna.Kauppi@yopmail.com,Marinna.Kauppi@gmail.com,worker
380,Loree,Evvie,Loree.Evvie@yopmail.com,Loree.Evvie@gmail.com,worker
381,Tressa,Sallyann,Tressa.Sallyann@yopmail.com,Tressa.Sallyann@gmail.com,police officer
382,Jean,Knowling,Jean.Knowling@yopmail.com,Jean.Knowling@gmail.com,police officer
383,Jerry,Stoller,Jerry.Stoller@yopmail.com,Jerry.Stoller@gmail.com,doctor
384,Frieda,Ball,Frieda.Ball@yopmail.com,Frieda.Ball@gmail.com,doctor
385,Suzette,Vale,Suzette.Vale@yopmail.com,Suzette.Vale@gmail.com,worker
386,Desirae,Weaks,Desirae.Weaks@yopmail.com,Desirae.Weaks@gmail.com,police officer
387,Anestassia,Gaal,Anestassia.Gaal@yopmail.com,Anestassia.Gaal@gmail.com,police officer
388,Evaleen,Goth,Evaleen.Goth@yopmail.com,Evaleen.Goth@gmail.com,worker
389,Taffy,Roumell,Taffy.Roumell@yopmail.com,Taffy.Roumell@gmail.com,firefighter
390,Brynna,Japeth,Brynna.Japeth@yopmail.com,Brynna.Japeth@gmail.com,firefighter
391,Allis,Gordon,Allis.Gordon@yopmail.com,Allis.Gordon@gmail.com,worker
392,Felice,Whiffen,Felice.Whiffen@yopmail.com,Felice.Whiffen@gmail.com,doctor
393,Cherrita,Raseda,Cherrita.Raseda@yopmail.com,Cherrita.Raseda@gmail.com,developer
394,Gertrud,Dielu,Gertrud.Dielu@yopmail.com,Gertrud.Dielu@gmail.com,doctor
395,Diena,Hylan,Diena.Hylan@yopmail.com,Diena.Hylan@gmail.com,developer
396,Ericka,Frendel,Ericka.Frendel@yopmail.com,Ericka.Frendel@gmail.com,doctor
397,Viviene,Elo,Viviene.Elo@yopmail.com,Viviene.Elo@gmail.com,firefighter
398,Gerianna,Flyn,Gerianna.Flyn@yopmail.com,Gerianna.Flyn@gmail.com,developer
399,Annecorinne,Stoller,Annecorinne.Stoller@yopmail.com,Annecorinne.Stoller@gmail.com,developer
400,Ellette,Gordon,Ellette.Gordon@yopmail.com,Ellette.Gordon@gmail.com,firefighter
401,Laurene,Ariella,Laurene.Ariella@yopmail.com,Laurene.Ariella@gmail.com,developer
402,Rhoda,Carolin,Rhoda.Carolin@yopmail.com,Rhoda.Carolin@gmail.com,doctor
403,Celestyna,Thad,Celestyna.Thad@yopmail.com,Celestyna.Thad@gmail.com,worker
404,Lolita,Richers,Lolita.Richers@yopmail.com,Lolita.Richers@gmail.com,worker
405,Wilma,Faust,Wilma.Faust@yopmail.com,Wilma.Faust@gmail.com,police officer
406,Silvana,Ivens,Silvana.Ivens@yopmail.com,Silvana.Ivens@gmail.com,firefighter
407,Christy,Monaco,Christy.Monaco@yopmail.com,Christy.Monaco@gmail.com,developer
408,Tybie,Dermott,Tybie.Dermott@yopmail.com,Tybie.Dermott@gmail.com,doctor
409,Vere,Saint,Vere.Saint@yopmail.com,Vere.Saint@gmail.com,police officer
410,Marnia,Sisile,Marnia.Sisile@yopmail.com,Marnia.Sisile@gmail.com,firefighter
411,Devina,Fabiola,Devina.Fabiola@yopmail.com,Devina.Fabiola@gmail.com,developer
412,Celestyna,Lory,Celestyna.Lory@yopmail.com,Celestyna.Lory@gmail.com,developer
413,Fanchon,Louanna,Fanchon.Louanna@yopmail.com,Fanchon.Louanna@gmail.com,doctor
414,Rhea,Lalitta,Rhea.Lalitta@yopmail.com,Rhea.Lalitta@gmail.com,developer
415,Caritta,Hirsch,Caritta.Hirsch@yopmail.com,Caritta.Hirsch@gmail.com,developer
416,Tami,Brady,Tami.Brady@yopmail.com,Tami.Brady@gmail.com,police officer
417,Correy,Ciapas,Correy.Ciapas@yopmail.com,Correy.Ciapas@gmail.com,developer
418,Kristan,Jehu,Kristan.Jehu@yopmail.com,Kristan.Jehu@gmail.com,doctor
419,Brianna,Chauncey,Brianna.Chauncey@yopmail.com,Brianna.Chauncey@gmail.com,firefighter
420,Keelia,Kat,Keelia.Kat@yopmail.com,Keelia.Kat@gmail.com,doctor
421,Esmeralda,Yerkovich,Esmeralda.Yerkovich@yopmail.com,Esmeralda.Yerkovich@gmail.com,doctor
422,Dede,Campball,Dede.Campball@yopmail.com,Dede.Campball@gmail.com,police officer
423,Benita,LaRue,Benita.LaRue@yopmail.com,Benita.LaRue@gmail.com,worker
424,Briney,Latini,Briney.Latini@yopmail.com,Briney.Latini@gmail.com,developer
425,Mara,Haldas,Mara.Haldas@yopmail.com,Mara.Haldas@gmail.com,worker
426,Carmela,Linskey,Carmela.Linskey@yopmail.com,Carmela.Linskey@gmail.com,worker
427,Rosaline,Aida,Rosaline.Aida@yopmail.com,Rosaline.Aida@gmail.com,doctor
428,Lorie,Roumell,Lorie.Roumell@yopmail.com,Lorie.Roumell@gmail.com,worker
429,Adele,Ahab,Adele.Ahab@yopmail.com,Adele.Ahab@gmail.com,worker
430,June,My,June.My@yopmail.com,June.My@gmail.com,worker
431,Kirstin,Weide,Kirstin.Weide@yopmail.com,Kirstin.Weide@gmail.com,firefighter
432,Dennie,Fiann,Dennie.Fiann@yopmail.com,Dennie.Fiann@gmail.com,worker
433,Gilda,Decato,Gilda.Decato@yopmail.com,Gilda.Decato@gmail.com,police officer
434,Harrietta,Infield,Harrietta.Infield@yopmail.com,Harrietta.Infield@gmail.com,worker
435,Fidelia,Parette,Fidelia.Parette@yopmail.com,Fidelia.Parette@gmail.com,police officer
436,Lanna,Brandice,Lanna.Brandice@yopmail.com,Lanna.Brandice@gmail.com,firefighter
437,Aeriela,Zenas,Aeriela.Zenas@yopmail.com,Aeriela.Zenas@gmail.com,police officer
438,Ekaterina,Rugen,Ekaterina.Rugen@yopmail.com,Ekaterina.Rugen@gmail.com,developer
439,Barbara,Melony,Barbara.Melony@yopmail.com,Barbara.Melony@gmail.com,worker
440,Jeanna,Shaver,Jeanna.Shaver@yopmail.com,Jeanna.Shaver@gmail.com,worker
441,Marita,Huggins,Marita.Huggins@yopmail.com,Marita.Huggins@gmail.com,developer
442,Elfreda,Vastah,Elfreda.Vastah@yopmail.com,Elfreda.Vastah@gmail.com,doctor
443,Ulrike,Brady,Ulrike.Brady@yopmail.com,Ulrike.Brady@gmail.com,doctor
444,Alexine,Roarke,Alexine.Roarke@yopmail.com,Alexine.Roarke@gmail.com,worker
445,Rhoda,Gordon,Rhoda.Gordon@yopmail.com,Rhoda.Gordon@gmail.com,police officer
446,Fawne,Meter,Fawne.Meter@yopmail.com,Fawne.Meter@gmail.com,firefighter
447,Nananne,Meli,Nananne.Meli@yopmail.com,Nananne.Meli@gmail.com,doctor
448,Luci,Zrike,Luci.Zrike@yopmail.com,Luci.Zrike@gmail.com,developer
449,Karina,Goerke,Karina.Goerke@yopmail.com,Karina.Goerke@gmail.com,doctor
450,Juliane,Leifeste,Juliane.Leifeste@yopmail.com,Juliane.Leifeste@gmail.com,developer
451,Joelly,Hirsch,Joelly.Hirsch@yopmail.com,Joelly.Hirsch@gmail.com,developer
452,Raina,Oscar,Raina.Oscar@yopmail.com,Raina.Oscar@gmail.com,worker
453,Shel,Reinke,Shel.Reinke@yopmail.com,Shel.Reinke@gmail.com,developer
454,Raina,Heisel,Raina.Heisel@yopmail.com,Raina.Heisel@gmail.com,worker
455,Alleen,Phaidra,Alleen.Phaidra@yopmail.com,Alleen.Phaidra@gmail.com,police officer
456,Dennie,Albertine,Dennie.Albertine@yopmail.com,Dennie.Albertine@gmail.com,worker
457,Nicoli,Horan,Nicoli.Horan@yopmail.com,Nicoli.Horan@gmail.com,developer
458,Gui,Ioab,Gui.Ioab@yopmail.com,Gui.Ioab@gmail.com,worker
459,Dari,Linskey,Dari.Linskey@yopmail.com,Dari.Linskey@gmail.com,police officer
460,Lanae,Anderea,Lanae.Anderea@yopmail.com,Lanae.Anderea@gmail.com,worker
461,Rochette,Faust,Rochette.Faust@yopmail.com,Rochette.Faust@gmail.com,police officer
462,Kittie,Glovsky,Kittie.Glovsky@yopmail.com,Kittie.Glovsky@gmail.com,doctor
463,Debee,Sherrie,Debee.Sherrie@yopmail.com,Debee.Sherrie@gmail.com,worker
464,Gilligan,Marsden,Gilligan.Marsden@yopmail.com,Gilligan.Marsden@gmail.com,firefighter
465,Pearline,Dulciana,Pearline.Dulciana@yopmail.com,Pearline.Dulciana@gmail.com,developer
466,Margette,Lail,Margette.Lail@yopmail.com,Margette.Lail@gmail.com,police officer
467,Deirdre,Bearnard,Deirdre.Bearnard@yopmail.com,Deirdre.Bearnard@gmail.com,firefighter
468,Nita,Prouty,Nita.Prouty@yopmail.com,Nita.Prouty@gmail.com,firefighter
469,Minne,Frendel,Minne.Frendel@yopmail.com,Minne.Frendel@gmail.com,developer
470,Lonnie,Saint,Lonnie.Saint@yopmail.com,Lonnie.Saint@gmail.com,firefighter
471,Fanchon,Kat,Fanchon.Kat@yopmail.com,Fanchon.Kat@gmail.com,doctor
472,Margette,Aaberg,Margette.Aaberg@yopmail.com,Margette.Aaberg@gmail.com,firefighter
473,Marguerite,Redmond,Marguerite.Redmond@yopmail.com,Marguerite.Redmond@gmail.com,police officer
474,Tera,Chrystel,Tera.Chrystel@yopmail.com,Tera.Chrystel@gmail.com,worker
475,Gaylene,Konyn,Gaylene.Konyn@yopmail.com,Gaylene.Konyn@gmail.com,firefighter
476,Maryellen,Klemperer,Maryellen.Klemperer@yopmail.com,Maryellen.Klemperer@gmail.com,doctor
477,Di,Cornelia,Di.Cornelia@yopmail.com,Di.Cornelia@gmail.com,developer
478,Courtnay,Zetta,Courtnay.Zetta@yopmail.com,Courtnay.Zetta@gmail.com,firefighter
479,Gale,Sekofski,Gale.Sekofski@yopmail.com,Gale.Sekofski@gmail.com,developer
480,Beverley,Stelle,Beverley.Stelle@yopmail.com,Beverley.Stelle@gmail.com,firefighter
481,Tatiania,Killigrew,Tatiania.Killigrew@yopmail.com,Tatiania.Killigrew@gmail.com,firefighter
482,Elyssa,Love,Elyssa.Love@yopmail.com,Elyssa.Love@gmail.com,developer
483,Florie,Joseph,Florie.Joseph@yopmail.com,Florie.Joseph@gmail.com,doctor
484,Gabriellia,Vary,Gabriellia.Vary@yopmail.com,Gabriellia.Vary@gmail.com,police officer
485,Diena,Martsen,Diena.Martsen@yopmail.com,Diena.Martsen@gmail.com,police officer
486,Alex,Raseda,Alex.Raseda@yopmail.com,Alex.Raseda@gmail.com,worker
487,Gretal,Ogren,Gretal.Ogren@yopmail.com,Gretal.Ogren@gmail.com,firefighter
488,Molli,Roxanna,Molli.Roxanna@yopmail.com,Molli.Roxanna@gmail.com,worker
489,Nonnah,Kauppi,Nonnah.Kauppi@yopmail.com,Nonnah.Kauppi@gmail.com,police officer
490,Alameda,Tound,Alameda.Tound@yopmail.com,Alameda.Tound@gmail.com,developer
491,Maridel,Margarete,Maridel.Margarete@yopmail.com,Maridel.Margarete@gmail.com,firefighter
492,Loree,Garek,Loree.Garek@yopmail.com,Loree.Garek@gmail.com,doctor
493,Gisela,Sancho,Gisela.Sancho@yopmail.com,Gisela.Sancho@gmail.com,developer
494,Elie,Linehan,Elie.Linehan@yopmail.com,Elie.Linehan@gmail.com,firefighter
495,Darlleen,Odysseus,Darlleen.Odysseus@yopmail.com,Darlleen.Odysseus@gmail.com,developer
496,Mellicent,Valoniah,Mellicent.Valoniah@yopmail.com,Mellicent.Valoniah@gmail.com,worker
497,Lory,Curren,Lory.Curren@yopmail.com,Lory.Curren@gmail.com,police officer
498,Blondelle,Iiette,Blondelle.Iiette@yopmail.com,Blondelle.Iiette@gmail.com,firefighter
499,Sidoney,Waite,Sidoney.Waite@yopmail.com,Sidoney.Waite@gmail.com,police officer
500,Valeda,Rosalba,Valeda.Rosalba@yopmail.com,Valeda.Rosalba@gmail.com,firefighter
501,Oralee,Ophelia,Oralee.Ophelia@yopmail.com,Oralee.Ophelia@gmail.com,developer
502,Minne,Merat,Minne.Merat@yopmail.com,Minne.Merat@gmail.com,worker
503,Phedra,Vivle,Phedra.Vivle@yopmail.com,Phedra.Vivle@gmail.com,doctor
504,Kylynn,Peonir,Kylynn.Peonir@yopmail.com,Kylynn.Peonir@gmail.com,firefighter
505,Benita,Jethro,Benita.Jethro@yopmail.com,Benita.Jethro@gmail.com,worker
506,Yvonne,Cadmar,Yvonne.Cadmar@yopmail.com,Yvonne.Cadmar@gmail.com,doctor
507,Hildegaard,Erlandson,Hildegaard.Erlandson@yopmail.com,Hildegaard.Erlandson@gmail.com,developer
508,Flo,Aaberg,Flo.Aaberg@yopmail.com,Flo.Aaberg@gmail.com,doctor
509,Lenna,Hurley,Lenna.Hurley@yopmail.com,Lenna.Hurley@gmail.com,worker
510,Adele,Autrey,Adele.Autrey@yopmail.com,Adele.Autrey@gmail.com,police officer
511,Mallory,Diogenes,Mallory.Diogenes@yopmail.com,Mallory.Diogenes@gmail.com,police officer
512,Mady,Marlie,Mady.Marlie@yopmail.com,Mady.Marlie@gmail.com,firefighter
513,Madelle,Lail,Madelle.Lail@yopmail.com,Madelle.Lail@gmail.com,police officer
514,Carmela,Ludewig,Carmela.Ludewig@yopmail.com,Carmela.Ludewig@gmail.com,firefighter
515,Jobi,Thar,Jobi.Thar@yopmail.com,Jobi.Thar@gmail.com,firefighter
516,Antonietta,Lane,Antonietta.Lane@yopmail.com,Antonietta.Lane@gmail.com,developer
517,Daune,Morgun,Daune.Morgun@yopmail.com,Daune.Morgun@gmail.com,doctor
518,Ottilie,Tayib,Ottilie.Tayib@yopmail.com,Ottilie.Tayib@gmail.com,doctor
519,Caritta,Hieronymus,Caritta.Hieronymus@yopmail.com,Caritta.Hieronymus@gmail.com,firefighter
520,Ketti,Fontana,Ketti.Fontana@yopmail.com,Ketti.Fontana@gmail.com,police officer
521,Kathy,Skurnik,Kathy.Skurnik@yopmail.com,Kathy.Skurnik@gmail.com,police officer
522,Dania,Gemini,Dania.Gemini@yopmail.com,Dania.Gemini@gmail.com,developer
523,Tiffie,Sophronia,Tiffie.Sophronia@yopmail.com,Tiffie.Sophronia@gmail.com,police officer
524,Livvyy,Brandice,Livvyy.Brandice@yopmail.com,Livvyy.Brandice@gmail.com,doctor
525,Augustine,Randene,Augustine.Randene@yopmail.com,Augustine.Randene@gmail.com,firefighter
526,Brena,Philoo,Brena.Philoo@yopmail.com,Brena.Philoo@gmail.com,worker
527,Atlanta,Sisile,Atlanta.Sisile@yopmail.com,Atlanta.Sisile@gmail.com,worker
528,Glynnis,Graig,Glynnis.Graig@yopmail.com,Glynnis.Graig@gmail.com,firefighter
529,Vevay,Brady,Vevay.Brady@yopmail.com,Vevay.Brady@gmail.com,doctor
530,Marleah,Erich,Marleah.Erich@yopmail.com,Marleah.Erich@gmail.com,firefighter
531,Mireielle,Blisse,Mireielle.Blisse@yopmail.com,Mireielle.Blisse@gmail.com,worker
532,Kayla,Silvan,Kayla.Silvan@yopmail.com,Kayla.Silvan@gmail.com,doctor
533,Jan,Shaddock,Jan.Shaddock@yopmail.com,Jan.Shaddock@gmail.com,doctor
534,Dale,Dunkin,Dale.Dunkin@yopmail.com,Dale.Dunkin@gmail.com,developer
535,Felice,Desai,Felice.Desai@yopmail.com,Felice.Desai@gmail.com,police officer
536,Ericka,Phyllis,Ericka.Phyllis@yopmail.com,Ericka.Phyllis@gmail.com,worker
537,Vevay,Shirberg,Vevay.Shirberg@yopmail.com,Vevay.Shirberg@gmail.com,developer
538,Kary,Wareing,Kary.Wareing@yopmail.com,Kary.Wareing@gmail.com,worker
539,Claresta,Kellby,Claresta.Kellby@yopmail.com,Claresta.Kellby@gmail.com,firefighter
540,Emilia,Carleen,Emilia.Carleen@yopmail.com,Emilia.Carleen@gmail.com,developer
541,Gaylene,Hoenack,Gaylene.Hoenack@yopmail.com,Gaylene.Hoenack@gmail.com,worker
542,Lesly,Solitta,Lesly.Solitta@yopmail.com,Lesly.Solitta@gmail.com,doctor
543,Tami,Flita,Tami.Flita@yopmail.com,Tami.Flita@gmail.com,firefighter
544,Merle,Fabiola,Merle.Fabiola@yopmail.com,Merle.Fabiola@gmail.com,worker
545,Janis,Felecia,Janis.Felecia@yopmail.com,Janis.Felecia@gmail.com,developer
546,Paulita,Raychel,Paulita.Raychel@yopmail.com,Paulita.Raychel@gmail.com,firefighter
547,Lizzie,Kimmie,Lizzie.Kimmie@yopmail.com,Lizzie.Kimmie@gmail.com,firefighter
548,Leona,Harriman,Leona.Harriman@yopmail.com,Leona.Harriman@gmail.com,developer
549,Joy,Gregrory,Joy.Gregrory@yopmail.com,Joy.Gregrory@gmail.com,firefighter
550,Modestia,Kravits,Modestia.Kravits@yopmail.com,Modestia.Kravits@gmail.com,developer
551,Andree,Stacy,Andree.Stacy@yopmail.com,Andree.Stacy@gmail.com,worker
552,Eugine,Ellord,Eugine.Ellord@yopmail.com,Eugine.Ellord@gmail.com,police officer
553,Gilligan,Lilybelle,Gilligan.Lilybelle@yopmail.com,Gilligan.Lilybelle@gmail.com,doctor
554,Kirbee,Shaver,Kirbee.Shaver@yopmail.com,Kirbee.Shaver@gmail.com,worker
555,Kirbee,Suzetta,Kirbee.Suzetta@yopmail.com,Kirbee.Suzetta@gmail.com,police officer
556,Marline,Liva,Marline.Liva@yopmail.com,Marline.Liva@gmail.com,doctor
557,Rozele,Oster,Rozele.Oster@yopmail.com,Rozele.Oster@gmail.com,worker
558,Zia,Guthrie,Zia.Guthrie@yopmail.com,Zia.Guthrie@gmail.com,worker
559,Bobbi,Brieta,Bobbi.Brieta@yopmail.com,Bobbi.Brieta@gmail.com,doctor
560,Edith,Seessel,Edith.Seessel@yopmail.com,Edith.Seessel@gmail.com,doctor
561,Barbara,Ashok,Barbara.Ashok@yopmail.com,Barbara.Ashok@gmail.com,police officer
562,Wanda,Colp,Wanda.Colp@yopmail.com,Wanda.Colp@gmail.com,doctor
563,Annecorinne,Vernier,Annecorinne.Vernier@yopmail.com,Annecorinne.Vernier@gmail.com,firefighter
564,Valeda,Shama,Valeda.Shama@yopmail.com,Valeda.Shama@gmail.com,developer
565,Ninnetta,Kravits,Ninnetta.Kravits@yopmail.com,Ninnetta.Kravits@gmail.com,firefighter
566,Janenna,Dituri,Janenna.Dituri@yopmail.com,Janenna.Dituri@gmail.com,firefighter
567,Abbie,Jillane,Abbie.Jillane@yopmail.com,Abbie.Jillane@gmail.com,police officer
568,Marguerite,Atcliffe,Marguerite.Atcliffe@yopmail.com,Marguerite.Atcliffe@gmail.com,worker
569,Ulrike,Brodench,Ulrike.Brodench@yopmail.com,Ulrike.Brodench@gmail.com,firefighter
570,Susan,Randene,Susan.Randene@yopmail.com,Susan.Randene@gmail.com,worker
571,Kaja,Nisbet,Kaja.Nisbet@yopmail.com,Kaja.Nisbet@gmail.com,developer
572,Kary,Cleavland,Kary.Cleavland@yopmail.com,Kary.Cleavland@gmail.com,police officer
573,Gui,Pettiford,Gui.Pettiford@yopmail.com,Gui.Pettiford@gmail.com,worker
574,Lucy,Mathilde,Lucy.Mathilde@yopmail.com,Lucy.Mathilde@gmail.com,developer
575,Merci,Magdalen,Merci.Magdalen@yopmail.com,Merci.Magdalen@gmail.com,doctor
576,Dulce,Stuart,Dulce.Stuart@yopmail.com,Dulce.Stuart@gmail.com,doctor
577,Elise,Rebecka,Elise.Rebecka@yopmail.com,Elise.Rebecka@gmail.com,doctor
578,Amara,Granoff,Amara.Granoff@yopmail.com,Amara.Granoff@gmail.com,developer
579,Aryn,Zuzana,Aryn.Zuzana@yopmail.com,Aryn.Zuzana@gmail.com,developer
580,Marsiella,Tarrant,Marsiella.Tarrant@yopmail.com,Marsiella.Tarrant@gmail.com,worker
581,Oona,Johnsson,Oona.Johnsson@yopmail.com,Oona.Johnsson@gmail.com,worker
582,Claresta,Luhe,Claresta.Luhe@yopmail.com,Claresta.Luhe@gmail.com,firefighter
583,Marinna,Tryck,Marinna.Tryck@yopmail.com,Marinna.Tryck@gmail.com,doctor
584,Shell,Bollay,Shell.Bollay@yopmail.com,Shell.Bollay@gmail.com,worker
585,Hildegaard,Eckblad,Hildegaard.Eckblad@yopmail.com,Hildegaard.Eckblad@gmail.com,worker
586,Elena,Strephon,Elena.Strephon@yopmail.com,Elena.Strephon@gmail.com,police officer
587,Corry,Ilka,Corry.Ilka@yopmail.com,Corry.Ilka@gmail.com,developer
588,Marcelline,Dorothy,Marcelline.Dorothy@yopmail.com,Marcelline.Dorothy@gmail.com,worker
589,Jackie,Cottle,Jackie.Cottle@yopmail.com,Jackie.Cottle@gmail.com,doctor
590,Aimil,Alice,Aimil.Alice@yopmail.com,Aimil.Alice@gmail.com,developer
591,Mallory,Hermes,Mallory.Hermes@yopmail.com,Mallory.Hermes@gmail.com,worker
592,Edith,Shaver,Edith.Shaver@yopmail.com,Edith.Shaver@gmail.com,police officer
593,Albertina,Riordan,Albertina.Riordan@yopmail.com,Albertina.Riordan@gmail.com,firefighter
594,Sallie,Dawkins,Sallie.Dawkins@yopmail.com,Sallie.Dawkins@gmail.com,developer
595,Verla,Anton,Verla.Anton@yopmail.com,Verla.Anton@gmail.com,worker
596,Meg,Shanley,Meg.Shanley@yopmail.com,Meg.Shanley@gmail.com,doctor
597,Nickie,Taam,Nickie.Taam@yopmail.com,Nickie.Taam@gmail.com,police officer
598,Deane,Seessel,Deane.Seessel@yopmail.com,Deane.Seessel@gmail.com,firefighter
599,Dawn,Susannah,Dawn.Susannah@yopmail.com,Dawn.Susannah@gmail.com,doctor
600,Etta,Schwejda,Etta.Schwejda@yopmail.com,Etta.Schwejda@gmail.com,doctor
601,Modestia,McCutcheon,Modestia.McCutcheon@yopmail.com,Modestia.McCutcheon@gmail.com,police officer
602,Ekaterina,Slifka,Ekaterina.Slifka@yopmail.com,Ekaterina.Slifka@gmail.com,doctor
603,Alie,Maples,Alie.Maples@yopmail.com,Alie.Maples@gmail.com,firefighter
604,Tybie,Ellord,Tybie.Ellord@yopmail.com,Tybie.Ellord@gmail.com,doctor
605,Darci,Kress,Darci.Kress@yopmail.com,Darci.Kress@gmail.com,developer
606,Katleen,Amasa,Katleen.Amasa@yopmail.com,Katleen.Amasa@gmail.com,worker
607,Sean,Dyche,Sean.Dyche@yopmail.com,Sean.Dyche@gmail.com,doctor
608,Aurore,Adalbert,Aurore.Adalbert@yopmail.com,Aurore.Adalbert@gmail.com,firefighter
609,Dale,Gaal,Dale.Gaal@yopmail.com,Dale.Gaal@gmail.com,worker
610,Darci,Hanleigh,Darci.Hanleigh@yopmail.com,Darci.Hanleigh@gmail.com,doctor
611,Gabi,Joseph,Gabi.Joseph@yopmail.com,Gabi.Joseph@gmail.com,doctor
612,Carilyn,Azeria,Carilyn.Azeria@yopmail.com,Carilyn.Azeria@gmail.com,doctor
613,Corly,Infield,Corly.Infield@yopmail.com,Corly.Infield@gmail.com,firefighter
614,Roz,Serilda,Roz.Serilda@yopmail.com,Roz.Serilda@gmail.com,firefighter
615,Judy,Randene,Judy.Randene@yopmail.com,Judy.Randene@gmail.com,doctor
616,Olivette,Chesna,Olivette.Chesna@yopmail.com,Olivette.Chesna@gmail.com,developer
617,Amii,Publia,Amii.Publia@yopmail.com,Amii.Publia@gmail.com,worker
618,Kenna,Slifka,Kenna.Slifka@yopmail.com,Kenna.Slifka@gmail.com,firefighter
619,Rhoda,Ellerey,Rhoda.Ellerey@yopmail.com,Rhoda.Ellerey@gmail.com,developer
620,Grier,Ahab,Grier.Ahab@yopmail.com,Grier.Ahab@gmail.com,police officer
621,Elbertina,Nikaniki,Elbertina.Nikaniki@yopmail.com,Elbertina.Nikaniki@gmail.com,worker
622,Vanessa,Dermott,Vanessa.Dermott@yopmail.com,Vanessa.Dermott@gmail.com,worker
623,Eve,Kronfeld,Eve.Kronfeld@yopmail.com,Eve.Kronfeld@gmail.com,worker
624,Millie,Ilka,Millie.Ilka@yopmail.com,Millie.Ilka@gmail.com,developer
625,Lory,Rugen,Lory.Rugen@yopmail.com,Lory.Rugen@gmail.com,worker
626,Nanete,Deny,Nanete.Deny@yopmail.com,Nanete.Deny@gmail.com,developer
627,Marnia,Mallon,Marnia.Mallon@yopmail.com,Marnia.Mallon@gmail.com,police officer
628,Sara-Ann,Monaco,Sara-Ann.Monaco@yopmail.com,Sara-Ann.Monaco@gmail.com,doctor
629,Etta,Brady,Etta.Brady@yopmail.com,Etta.Brady@gmail.com,developer
630,Agathe,Melleta,Agathe.Melleta@yopmail.com,Agathe.Melleta@gmail.com,developer
631,Alex,Thilda,Alex.Thilda@yopmail.com,Alex.Thilda@gmail.com,developer
632,Mara,Stilwell,Mara.Stilwell@yopmail.com,Mara.Stilwell@gmail.com,firefighter
633,Adele,Sinegold,Adele.Sinegold@yopmail.com,Adele.Sinegold@gmail.com,developer
634,Merci,Emerson,Merci.Emerson@yopmail.com,Merci.Emerson@gmail.com,developer
635,Mathilda,Cherianne,Mathilda.Cherianne@yopmail.com,Mathilda.Cherianne@gmail.com,firefighter
636,Di,Heidt,Di.Heidt@yopmail.com,Di.Heidt@gmail.com,worker
637,Cathie,Allina,Cathie.Allina@yopmail.com,Cathie.Allina@gmail.com,developer
638,Cherrita,Trace,Cherrita.Trace@yopmail.com,Cherrita.Trace@gmail.com,doctor
639,Jeanna,Roche,Jeanna.Roche@yopmail.com,Jeanna.Roche@gmail.com,doctor
640,Tami,Argus,Tami.Argus@yopmail.com,Tami.Argus@gmail.com,police officer
641,Therine,Israeli,Therine.Israeli@yopmail.com,Therine.Israeli@gmail.com,police officer
642,Pierette,Clie,Pierette.Clie@yopmail.com,Pierette.Clie@gmail.com,developer
643,Lynnea,Paine,Lynnea.Paine@yopmail.com,Lynnea.Paine@gmail.com,developer
644,Rosene,Oriana,Rosene.Oriana@yopmail.com,Rosene.Oriana@gmail.com,firefighter
645,Ofilia,Raffo,Ofilia.Raffo@yopmail.com,Ofilia.Raffo@gmail.com,police officer
646,Florie,Crudden,Florie.Crudden@yopmail.com,Florie.Crudden@gmail.com,police officer
647,Jenda,Couture,Jenda.Couture@yopmail.com,Jenda.Couture@gmail.com,worker
648,Karly,Bryna,Karly.Bryna@yopmail.com,Karly.Bryna@gmail.com,police officer
649,Chandra,Georas,Chandra.Georas@yopmail.com,Chandra.Georas@gmail.com,police officer
650,Lulita,Wesle,Lulita.Wesle@yopmail.com,Lulita.Wesle@gmail.com,police officer
651,Kathi,Pernick,Kathi.Pernick@yopmail.com,Kathi.Pernick@gmail.com,doctor
652,Suzette,Regan,Suzette.Regan@yopmail.com,Suzette.Regan@gmail.com,developer
653,Konstance,Mott,Konstance.Mott@yopmail.com,Konstance.Mott@gmail.com,doctor
654,Sallie,Berriman,Sallie.Berriman@yopmail.com,Sallie.Berriman@gmail.com,worker
655,Alie,Sadowski,Alie.Sadowski@yopmail.com,Alie.Sadowski@gmail.com,worker
656,Lacie,O'Neill,Lacie.O'Neill@yopmail.com,Lacie.O'Neill@gmail.com,developer
657,Anestassia,Anestassia,Anestassia.Anestassia@yopmail.com,Anestassia.Anestassia@gmail.com,firefighter
658,Gwenneth,Regan,Gwenneth.Regan@yopmail.com,Gwenneth.Regan@gmail.com,police officer
659,Brena,Pauly,Brena.Pauly@yopmail.com,Brena.Pauly@gmail.com,firefighter
660,Iseabal,Radu,Iseabal.Radu@yopmail.com,Iseabal.Radu@gmail.com,doctor
661,Eolanda,Bryna,Eolanda.Bryna@yopmail.com,Eolanda.Bryna@gmail.com,police officer
662,Sam,Vivle,Sam.Vivle@yopmail.com,Sam.Vivle@gmail.com,developer
663,Celene,Saint,Celene.Saint@yopmail.com,Celene.Saint@gmail.com,firefighter
664,Pamella,Earlie,Pamella.Earlie@yopmail.com,Pamella.Earlie@gmail.com,firefighter
665,Phedra,Garbe,Phedra.Garbe@yopmail.com,Phedra.Garbe@gmail.com,developer
666,Giustina,Eldrid,Giustina.Eldrid@yopmail.com,Giustina.Eldrid@gmail.com,police officer
667,Jere,Holbrook,Jere.Holbrook@yopmail.com,Jere.Holbrook@gmail.com,doctor
668,Veda,Weinreb,Veda.Weinreb@yopmail.com,Veda.Weinreb@gmail.com,firefighter
669,Debee,Libna,Debee.Libna@yopmail.com,Debee.Libna@gmail.com,doctor
670,Dyann,Eckblad,Dyann.Eckblad@yopmail.com,Dyann.Eckblad@gmail.com,doctor
671,Diena,Rad,Diena.Rad@yopmail.com,Diena.Rad@gmail.com,developer
672,Alyssa,Dawkins,Alyssa.Dawkins@yopmail.com,Alyssa.Dawkins@gmail.com,developer
673,Julieta,Dosia,Julieta.Dosia@yopmail.com,Julieta.Dosia@gmail.com,police officer
674,Mady,Fontana,Mady.Fontana@yopmail.com,Mady.Fontana@gmail.com,developer
675,Katharina,Pernick,Katharina.Pernick@yopmail.com,Katharina.Pernick@gmail.com,police officer
676,Tabbatha,Sophronia,Tabbatha.Sophronia@yopmail.com,Tabbatha.Sophronia@gmail.com,worker
677,Teddie,Fillbert,Teddie.Fillbert@yopmail.com,Teddie.Fillbert@gmail.com,police officer
678,Karolina,Erb,Karolina.Erb@yopmail.com,Karolina.Erb@gmail.com,worker
679,Pearline,Gillan,Pearline.Gillan@yopmail.com,Pearline.Gillan@gmail.com,police officer
680,Alex,Sherfield,Alex.Sherfield@yopmail.com,Alex.Sherfield@gmail.com,firefighter
681,Fernande,Muriel,Fernande.Muriel@yopmail.com,Fernande.Muriel@gmail.com,firefighter
682,Gabriellia,Riordan,Gabriellia.Riordan@yopmail.com,Gabriellia.Riordan@gmail.com,doctor
683,Jessy,Olnee,Jessy.Olnee@yopmail.com,Jessy.Olnee@gmail.com,worker
684,Joane,Montgomery,Joane.Montgomery@yopmail.com,Joane.Montgomery@gmail.com,developer
685,Dennie,Pyle,Dennie.Pyle@yopmail.com,Dennie.Pyle@gmail.com,firefighter
686,Courtnay,Lubin,Courtnay.Lubin@yopmail.com,Courtnay.Lubin@gmail.com,worker
687,Winifred,Campball,Winifred.Campball@yopmail.com,Winifred.Campball@gmail.com,police officer
688,Valera,Judye,Valera.Judye@yopmail.com,Valera.Judye@gmail.com,firefighter
689,Heida,Pattin,Heida.Pattin@yopmail.com,Heida.Pattin@gmail.com,firefighter
690,Roslyn,Seagraves,Roslyn.Seagraves@yopmail.com,Roslyn.Seagraves@gmail.com,worker
691,Imojean,Ramona,Imojean.Ramona@yopmail.com,Imojean.Ramona@gmail.com,worker
692,Marcy,LaRue,Marcy.LaRue@yopmail.com,Marcy.LaRue@gmail.com,worker
693,Wanda,Firmin,Wanda.Firmin@yopmail.com,Wanda.Firmin@gmail.com,police officer
694,Camile,Grayce,Camile.Grayce@yopmail.com,Camile.Grayce@gmail.com,worker
695,Felice,Stevy,Felice.Stevy@yopmail.com,Felice.Stevy@gmail.com,doctor
696,Mureil,Lea,Mureil.Lea@yopmail.com,Mureil.Lea@gmail.com,developer
697,Gerrie,Agle,Gerrie.Agle@yopmail.com,Gerrie.Agle@gmail.com,doctor
698,Annabela,Rooney,Annabela.Rooney@yopmail.com,Annabela.Rooney@gmail.com,worker
699,Brana,Norrie,Brana.Norrie@yopmail.com,Brana.Norrie@gmail.com,doctor
700,Shannah,Papageno,Shannah.Papageno@yopmail.com,Shannah.Papageno@gmail.com,police officer
701,Doralynne,Gualtiero,Doralynne.Gualtiero@yopmail.com,Doralynne.Gualtiero@gmail.com,firefighter
702,Cristabel,Blisse,Cristabel.Blisse@yopmail.com,Cristabel.Blisse@gmail.com,doctor
703,Collen,Neils,Collen.Neils@yopmail.com,Collen.Neils@gmail.com,worker
704,Fredericka,Rudolph,Fredericka.Rudolph@yopmail.com,Fredericka.Rudolph@gmail.com,worker
705,Amalie,Holbrook,Amalie.Holbrook@yopmail.com,Amalie.Holbrook@gmail.com,worker
706,Mady,Faro,Mady.Faro@yopmail.com,Mady.Faro@gmail.com,worker
707,Brooks,Secrest,Brooks.Secrest@yopmail.com,Brooks.Secrest@gmail.com,developer
708,Sarette,Fiester,Sarette.Fiester@yopmail.com,Sarette.Fiester@gmail.com,firefighter
709,Deedee,Bandeen,Deedee.Bandeen@yopmail.com,Deedee.Bandeen@gmail.com,developer
710,Jaime,Curren,Jaime.Curren@yopmail.com,Jaime.Curren@gmail.com,worker
711,Melisent,Deny,Melisent.Deny@yopmail.com,Melisent.Deny@gmail.com,doctor
712,Lilith,Letsou,Lilith.Letsou@yopmail.com,Lilith.Letsou@gmail.com,developer
713,Jaime,Phi,Jaime.Phi@yopmail.com,Jaime.Phi@gmail.com,police officer
714,Sophia,Wu,Sophia.Wu@yopmail.com,Sophia.Wu@gmail.com,firefighter
715,Danika,Ogren,Danika.Ogren@yopmail.com,Danika.Ogren@gmail.com,developer
716,Aimil,Pitt,Aimil.Pitt@yopmail.com,Aimil.Pitt@gmail.com,worker
717,Modestia,Gillan,Modestia.Gillan@yopmail.com,Modestia.Gillan@gmail.com,worker
718,Johna,Autrey,Johna.Autrey@yopmail.com,Johna.Autrey@gmail.com,worker
719,Lory,Love,Lory.Love@yopmail.com,Lory.Love@gmail.com,firefighter
720,Alyda,Yorick,Alyda.Yorick@yopmail.com,Alyda.Yorick@gmail.com,doctor
721,Marline,Swanhildas,Marline.Swanhildas@yopmail.com,Marline.Swanhildas@gmail.com,developer
722,Caritta,Eckblad,Caritta.Eckblad@yopmail.com,Caritta.Eckblad@gmail.com,developer
723,Liana,Silvan,Liana.Silvan@yopmail.com,Liana.Silvan@gmail.com,doctor
724,Augustine,Narton,Augustine.Narton@yopmail.com,Augustine.Narton@gmail.com,firefighter
725,Mariele,Orpah,Mariele.Orpah@yopmail.com,Mariele.Orpah@gmail.com,police officer
726,Barbi,Annabella,Barbi.Annabella@yopmail.com,Barbi.Annabella@gmail.com,police officer
727,Sue,Joachim,Sue.Joachim@yopmail.com,Sue.Joachim@gmail.com,firefighter
728,Dotty,Wooster,Dotty.Wooster@yopmail.com,Dotty.Wooster@gmail.com,police officer
729,Jere,Chobot,Jere.Chobot@yopmail.com,Jere.Chobot@gmail.com,firefighter
730,Emilia,Marisa,Emilia.Marisa@yopmail.com,Emilia.Marisa@gmail.com,doctor
731,Inga,Daegal,Inga.Daegal@yopmail.com,Inga.Daegal@gmail.com,doctor
732,Juliane,Sheng,Juliane.Sheng@yopmail.com,Juliane.Sheng@gmail.com,firefighter
733,Selma,Ruvolo,Selma.Ruvolo@yopmail.com,Selma.Ruvolo@gmail.com,worker
734,Zia,Riordan,Zia.Riordan@yopmail.com,Zia.Riordan@gmail.com,doctor
735,Deirdre,Charity,Deirdre.Charity@yopmail.com,Deirdre.Charity@gmail.com,firefighter
736,Olwen,Cottle,Olwen.Cottle@yopmail.com,Olwen.Cottle@gmail.com,firefighter
737,Bibby,My,Bibby.My@yopmail.com,Bibby.My@gmail.com,worker
738,Fidelia,Ader,Fidelia.Ader@yopmail.com,Fidelia.Ader@gmail.com,firefighter
739,Margarette,Brian,Margarette.Brian@yopmail.com,Margarette.Brian@gmail.com,doctor
740,Dolli,Gusella,Dolli.Gusella@yopmail.com,Dolli.Gusella@gmail.com,worker
741,Layla,Brodench,Layla.Brodench@yopmail.com,Layla.Brodench@gmail.com,doctor
742,Calla,Maryanne,Calla.Maryanne@yopmail.com,Calla.Maryanne@gmail.com,worker
743,Constance,Alejoa,Constance.Alejoa@yopmail.com,Constance.Alejoa@gmail.com,doctor
744,Nariko,Judye,Nariko.Judye@yopmail.com,Nariko.Judye@gmail.com,worker
745,Annecorinne,Marcellus,Annecorinne.Marcellus@yopmail.com,Annecorinne.Marcellus@gmail.com,developer
746,Leanna,Jacqui,Leanna.Jacqui@yopmail.com,Leanna.Jacqui@gmail.com,worker
747,Misha,Rheingold,Misha.Rheingold@yopmail.com,Misha.Rheingold@gmail.com,worker
748,Glynnis,Camden,Glynnis.Camden@yopmail.com,Glynnis.Camden@gmail.com,doctor
749,Lisette,Howlyn,Lisette.Howlyn@yopmail.com,Lisette.Howlyn@gmail.com,developer
750,Lucille,Tamsky,Lucille.Tamsky@yopmail.com,Lucille.Tamsky@gmail.com,police officer
751,Gilligan,Ries,Gilligan.Ries@yopmail.com,Gilligan.Ries@gmail.com,worker
752,Jillayne,Oriana,Jillayne.Oriana@yopmail.com,Jillayne.Oriana@gmail.com,firefighter
753,Anestassia,Velick,Anestassia.Velick@yopmail.com,Anestassia.Velick@gmail.com,developer
754,Judy,Rese,Judy.Rese@yopmail.com,Judy.Rese@gmail.com,worker
755,Viviene,Alarise,Viviene.Alarise@yopmail.com,Viviene.Alarise@gmail.com,worker
756,Dede,Percy,Dede.Percy@yopmail.com,Dede.Percy@gmail.com,police officer
757,Doro,Holtz,Doro.Holtz@yopmail.com,Doro.Holtz@gmail.com,doctor
758,Kenna,Wallis,Kenna.Wallis@yopmail.com,Kenna.Wallis@gmail.com,worker
759,Dorene,Blase,Dorene.Blase@yopmail.com,Dorene.Blase@gmail.com,police officer
760,Jillayne,Colleen,Jillayne.Colleen@yopmail.com,Jillayne.Colleen@gmail.com,firefighter
761,Chere,Izaak,Chere.Izaak@yopmail.com,Chere.Izaak@gmail.com,worker
762,Glenda,Gladstone,Glenda.Gladstone@yopmail.com,Glenda.Gladstone@gmail.com,police officer
763,Janis,Brenn,Janis.Brenn@yopmail.com,Janis.Brenn@gmail.com,police officer
764,Kalina,Tatianas,Kalina.Tatianas@yopmail.com,Kalina.Tatianas@gmail.com,doctor
765,Marsiella,Ludewig,Marsiella.Ludewig@yopmail.com,Marsiella.Ludewig@gmail.com,firefighter
766,Kamilah,Ethban,Kamilah.Ethban@yopmail.com,Kamilah.Ethban@gmail.com,worker
767,Sarette,Garrison,Sarette.Garrison@yopmail.com,Sarette.Garrison@gmail.com,doctor
768,Iseabal,Winnick,Iseabal.Winnick@yopmail.com,Iseabal.Winnick@gmail.com,police officer
769,Addia,Hillel,Addia.Hillel@yopmail.com,Addia.Hillel@gmail.com,firefighter
770,Jerry,Laverne,Jerry.Laverne@yopmail.com,Jerry.Laverne@gmail.com,developer
771,Paule,Larochelle,Paule.Larochelle@yopmail.com,Paule.Larochelle@gmail.com,doctor
772,Carolina,Yate,Carolina.Yate@yopmail.com,Carolina.Yate@gmail.com,developer
773,Sophia,Pacorro,Sophia.Pacorro@yopmail.com,Sophia.Pacorro@gmail.com,worker
774,Michaelina,Bonucci,Michaelina.Bonucci@yopmail.com,Michaelina.Bonucci@gmail.com,worker
775,Bibby,Cynar,Bibby.Cynar@yopmail.com,Bibby.Cynar@gmail.com,worker
776,Kary,Faria,Kary.Faria@yopmail.com,Kary.Faria@gmail.com,police officer
777,Blinni,Ricki,Blinni.Ricki@yopmail.com,Blinni.Ricki@gmail.com,developer
778,Elbertina,Ilka,Elbertina.Ilka@yopmail.com,Elbertina.Ilka@gmail.com,police officer
779,Feliza,Masao,Feliza.Masao@yopmail.com,Feliza.Masao@gmail.com,developer
780,Leontine,Bultman,Leontine.Bultman@yopmail.com,Leontine.Bultman@gmail.com,developer
781,Blinni,Kravits,Blinni.Kravits@yopmail.com,Blinni.Kravits@gmail.com,police officer
782,Eadie,Poll,Eadie.Poll@yopmail.com,Eadie.Poll@gmail.com,doctor
783,Lulita,Wolfgram,Lulita.Wolfgram@yopmail.com,Lulita.Wolfgram@gmail.com,firefighter
784,Lynea,Willie,Lynea.Willie@yopmail.com,Lynea.Willie@gmail.com,worker
785,Nollie,Evangelia,Nollie.Evangelia@yopmail.com,Nollie.Evangelia@gmail.com,worker
786,Ilse,Destinee,Ilse.Destinee@yopmail.com,Ilse.Destinee@gmail.com,worker
787,Cyndie,Raul,Cyndie.Raul@yopmail.com,Cyndie.Raul@gmail.com,police officer
788,Janis,Lynn,Janis.Lynn@yopmail.com,Janis.Lynn@gmail.com,worker
789,Kaja,Wu,Kaja.Wu@yopmail.com,Kaja.Wu@gmail.com,firefighter
790,Jillayne,Denis,Jillayne.Denis@yopmail.com,Jillayne.Denis@gmail.com,worker
791,Pierette,Judye,Pierette.Judye@yopmail.com,Pierette.Judye@gmail.com,doctor
792,Mellicent,Obed,Mellicent.Obed@yopmail.com,Mellicent.Obed@gmail.com,developer
793,Glenda,Garrison,Glenda.Garrison@yopmail.com,Glenda.Garrison@gmail.com,firefighter
794,Sue,Anastatius,Sue.Anastatius@yopmail.com,Sue.Anastatius@gmail.com,police officer
795,Kenna,Carey,Kenna.Carey@yopmail.com,Kenna.Carey@gmail.com,developer
796,Donetta,McCutcheon,Donetta.McCutcheon@yopmail.com,Donetta.McCutcheon@gmail.com,firefighter
797,Robbi,Bach,Robbi.Bach@yopmail.com,Robbi.Bach@gmail.com,worker
798,Sissy,Dorothy,Sissy.Dorothy@yopmail.com,Sissy.Dorothy@gmail.com,firefighter
799,Myriam,Robertson,Myriam.Robertson@yopmail.com,Myriam.Robertson@gmail.com,developer
800,Agathe,Mallon,Agathe.Mallon@yopmail.com,Agathe.Mallon@gmail.com,firefighter
801,Roberta,Emerson,Roberta.Emerson@yopmail.com,Roberta.Emerson@gmail.com,firefighter
802,Judy,Muriel,Judy.Muriel@yopmail.com,Judy.Muriel@gmail.com,developer
803,Janis,Lorenz,Janis.Lorenz@yopmail.com,Janis.Lorenz@gmail.com,worker
804,Gerrie,Voletta,Gerrie.Voletta@yopmail.com,Gerrie.Voletta@gmail.com,doctor
805,Tera,Goode,Tera.Goode@yopmail.com,Tera.Goode@gmail.com,firefighter
806,Gusty,An,Gusty.An@yopmail.com,Gusty.An@gmail.com,firefighter
807,Tierney,Lauraine,Tierney.Lauraine@yopmail.com,Tierney.Lauraine@gmail.com,firefighter
808,Kial,Ingra,Kial.Ingra@yopmail.com,Kial.Ingra@gmail.com,worker
809,Sissy,Bigner,Sissy.Bigner@yopmail.com,Sissy.Bigner@gmail.com,worker
810,Mignon,Goerke,Mignon.Goerke@yopmail.com,Mignon.Goerke@gmail.com,developer
811,Antonietta,Wyn,Antonietta.Wyn@yopmail.com,Antonietta.Wyn@gmail.com,developer
812,Stephanie,Gibbeon,Stephanie.Gibbeon@yopmail.com,Stephanie.Gibbeon@gmail.com,worker
813,Annaliese,Karna,Annaliese.Karna@yopmail.com,Annaliese.Karna@gmail.com,worker
814,Oralee,Burnside,Oralee.Burnside@yopmail.com,Oralee.Burnside@gmail.com,doctor
815,Tomasina,Millda,Tomasina.Millda@yopmail.com,Tomasina.Millda@gmail.com,firefighter
816,Suzette,Louanna,Suzette.Louanna@yopmail.com,Suzette.Louanna@gmail.com,worker
817,Maud,Flyn,Maud.Flyn@yopmail.com,Maud.Flyn@gmail.com,firefighter
818,Anallese,Pettiford,Anallese.Pettiford@yopmail.com,Anallese.Pettiford@gmail.com,worker
819,Melisent,Toor,Melisent.Toor@yopmail.com,Melisent.Toor@gmail.com,developer
820,Ricky,Niccolo,Ricky.Niccolo@yopmail.com,Ricky.Niccolo@gmail.com,worker
821,Ida,Chabot,Ida.Chabot@yopmail.com,Ida.Chabot@gmail.com,doctor
822,Dianemarie,Boycey,Dianemarie.Boycey@yopmail.com,Dianemarie.Boycey@gmail.com,worker
823,Merrie,Aloise,Merrie.Aloise@yopmail.com,Merrie.Aloise@gmail.com,doctor
824,Marleah,Fredi,Marleah.Fredi@yopmail.com,Marleah.Fredi@gmail.com,police officer
825,Trudie,Fontana,Trudie.Fontana@yopmail.com,Trudie.Fontana@gmail.com,police officer
826,Allyce,Sasnett,Allyce.Sasnett@yopmail.com,Allyce.Sasnett@gmail.com,worker
827,Latisha,Cath,Latisha.Cath@yopmail.com,Latisha.Cath@gmail.com,firefighter
828,Jacquetta,Paine,Jacquetta.Paine@yopmail.com,Jacquetta.Paine@gmail.com,developer
829,Doralynne,Nore,Doralynne.Nore@yopmail.com,Doralynne.Nore@gmail.com,worker
830,Nataline,Fredi,Nataline.Fredi@yopmail.com,Nataline.Fredi@gmail.com,police officer
831,Korrie,Elo,Korrie.Elo@yopmail.com,Korrie.Elo@gmail.com,police officer
832,Ursulina,Boehike,Ursulina.Boehike@yopmail.com,Ursulina.Boehike@gmail.com,developer
833,Gabi,Calhoun,Gabi.Calhoun@yopmail.com,Gabi.Calhoun@gmail.com,developer
834,Fina,Kenney,Fina.Kenney@yopmail.com,Fina.Kenney@gmail.com,firefighter
835,Cyndie,Sadowski,Cyndie.Sadowski@yopmail.com,Cyndie.Sadowski@gmail.com,police officer
836,Christal,Harned,Christal.Harned@yopmail.com,Christal.Harned@gmail.com,worker
837,Antonietta,Bennie,Antonietta.Bennie@yopmail.com,Antonietta.Bennie@gmail.com,developer
838,Emmey,Rodmann,Emmey.Rodmann@yopmail.com,Emmey.Rodmann@gmail.com,developer
839,Ida,Isacco,Ida.Isacco@yopmail.com,Ida.Isacco@gmail.com,doctor
840,Dale,Melleta,Dale.Melleta@yopmail.com,Dale.Melleta@gmail.com,police officer
841,Wileen,Kylander,Wileen.Kylander@yopmail.com,Wileen.Kylander@gmail.com,police officer
842,Daphne,Kaete,Daphne.Kaete@yopmail.com,Daphne.Kaete@gmail.com,doctor
843,Quintina,Tacye,Quintina.Tacye@yopmail.com,Quintina.Tacye@gmail.com,firefighter
844,Johna,Baylor,Johna.Baylor@yopmail.com,Johna.Baylor@gmail.com,doctor
845,Jenda,Thilda,Jenda.Thilda@yopmail.com,Jenda.Thilda@gmail.com,doctor
846,Mallory,Marisa,Mallory.Marisa@yopmail.com,Mallory.Marisa@gmail.com,developer
847,Farrah,Bashemeth,Farrah.Bashemeth@yopmail.com,Farrah.Bashemeth@gmail.com,police officer
848,Janenna,Neils,Janenna.Neils@yopmail.com,Janenna.Neils@gmail.com,police officer
849,Marcy,Podvin,Marcy.Podvin@yopmail.com,Marcy.Podvin@gmail.com,firefighter
850,Paola,Reinke,Paola.Reinke@yopmail.com,Paola.Reinke@gmail.com,worker
851,Selia,Gaspard,Selia.Gaspard@yopmail.com,Selia.Gaspard@gmail.com,developer
852,Mady,Shelba,Mady.Shelba@yopmail.com,Mady.Shelba@gmail.com,worker
853,Georgetta,Pond,Georgetta.Pond@yopmail.com,Georgetta.Pond@gmail.com,worker
854,Elora,Larochelle,Elora.Larochelle@yopmail.com,Elora.Larochelle@gmail.com,doctor
855,Danny,Zina,Danny.Zina@yopmail.com,Danny.Zina@gmail.com,police officer
856,Tobe,Katrine,Tobe.Katrine@yopmail.com,Tobe.Katrine@gmail.com,doctor
857,Ofilia,Croix,Ofilia.Croix@yopmail.com,Ofilia.Croix@gmail.com,police officer
858,Olivette,Taima,Olivette.Taima@yopmail.com,Olivette.Taima@gmail.com,worker
859,Caryl,Chandler,Caryl.Chandler@yopmail.com,Caryl.Chandler@gmail.com,firefighter
860,Rivalee,Flita,Rivalee.Flita@yopmail.com,Rivalee.Flita@gmail.com,worker
861,Fayre,Stefa,Fayre.Stefa@yopmail.com,Fayre.Stefa@gmail.com,police officer
862,Sue,Amethist,Sue.Amethist@yopmail.com,Sue.Amethist@gmail.com,worker
863,Fernande,Autrey,Fernande.Autrey@yopmail.com,Fernande.Autrey@gmail.com,doctor
864,Meriel,Persse,Meriel.Persse@yopmail.com,Meriel.Persse@gmail.com,firefighter
865,Kayla,Mallon,Kayla.Mallon@yopmail.com,Kayla.Mallon@gmail.com,developer
866,Gloria,Lowry,Gloria.Lowry@yopmail.com,Gloria.Lowry@gmail.com,developer
867,Bertine,Kenwood,Bertine.Kenwood@yopmail.com,Bertine.Kenwood@gmail.com,firefighter
868,Brana,Loleta,Brana.Loleta@yopmail.com,Brana.Loleta@gmail.com,developer
869,Elbertina,Raffo,Elbertina.Raffo@yopmail.com,Elbertina.Raffo@gmail.com,firefighter
870,Sarette,Regan,Sarette.Regan@yopmail.com,Sarette.Regan@gmail.com,developer
871,Vinita,Shaddock,Vinita.Shaddock@yopmail.com,Vinita.Shaddock@gmail.com,worker
872,Mireielle,Mayeda,Mireielle.Mayeda@yopmail.com,Mireielle.Mayeda@gmail.com,developer
873,Siana,Olnee,Siana.Olnee@yopmail.com,Siana.Olnee@gmail.com,doctor
874,Danny,Mike,Danny.Mike@yopmail.com,Danny.Mike@gmail.com,developer
875,Christy,Palocz,Christy.Palocz@yopmail.com,Christy.Palocz@gmail.com,developer
876,Renie,Rona,Renie.Rona@yopmail.com,Renie.Rona@gmail.com,developer
877,Jere,Shaver,Jere.Shaver@yopmail.com,Jere.Shaver@gmail.com,police officer
878,Valli,Letsou,Valli.Letsou@yopmail.com,Valli.Letsou@gmail.com,police officer
879,Roberta,Cordi,Roberta.Cordi@yopmail.com,Roberta.Cordi@gmail.com,doctor
880,Cyb,Nance,Cyb.Nance@yopmail.com,Cyb.Nance@gmail.com,doctor
881,Jany,Kathie,Jany.Kathie@yopmail.com,Jany.Kathie@gmail.com,worker
882,Olwen,Couture,Olwen.Couture@yopmail.com,Olwen.Couture@gmail.com,worker
883,Julieta,Marisa,Julieta.Marisa@yopmail.com,Julieta.Marisa@gmail.com,worker
884,Joceline,Cimbura,Joceline.Cimbura@yopmail.com,Joceline.Cimbura@gmail.com,firefighter
885,Natka,Avi,Natka.Avi@yopmail.com,Natka.Avi@gmail.com,firefighter
886,Alameda,Tayib,Alameda.Tayib@yopmail.com,Alameda.Tayib@gmail.com,firefighter
887,Rochette,Frendel,Rochette.Frendel@yopmail.com,Rochette.Frendel@gmail.com,police officer
888,Gilligan,Abram,Gilligan.Abram@yopmail.com,Gilligan.Abram@gmail.com,police officer
889,Madelle,Burnside,Madelle.Burnside@yopmail.com,Madelle.Burnside@gmail.com,doctor
890,Rosaline,Talia,Rosaline.Talia@yopmail.com,Rosaline.Talia@gmail.com,firefighter
891,Lila,Bigner,Lila.Bigner@yopmail.com,Lila.Bigner@gmail.com,firefighter
892,Aubrie,Saunderson,Aubrie.Saunderson@yopmail.com,Aubrie.Saunderson@gmail.com,developer
893,June,Lenny,June.Lenny@yopmail.com,June.Lenny@gmail.com,developer
894,Delilah,Rossner,Delilah.Rossner@yopmail.com,Delilah.Rossner@gmail.com,worker
895,Moyna,Ader,Moyna.Ader@yopmail.com,Moyna.Ader@gmail.com,worker
896,Ileana,Anderea,Ileana.Anderea@yopmail.com,Ileana.Anderea@gmail.com,developer
897,Jasmina,Stanwood,Jasmina.Stanwood@yopmail.com,Jasmina.Stanwood@gmail.com,developer
898,Flo,Dulciana,Flo.Dulciana@yopmail.com,Flo.Dulciana@gmail.com,doctor
899,Caritta,Corrine,Caritta.Corrine@yopmail.com,Caritta.Corrine@gmail.com,doctor
900,Harmonia,Tillford,Harmonia.Tillford@yopmail.com,Harmonia.Tillford@gmail.com,worker
901,Janis,Wadell,Janis.Wadell@yopmail.com,Janis.Wadell@gmail.com,police officer
902,Petronia,Rurik,Petronia.Rurik@yopmail.com,Petronia.Rurik@gmail.com,worker
903,Olivette,McCutcheon,Olivette.McCutcheon@yopmail.com,Olivette.McCutcheon@gmail.com,worker
904,Roslyn,Alva,Roslyn.Alva@yopmail.com,Roslyn.Alva@gmail.com,doctor
905,Roberta,Saint,Roberta.Saint@yopmail.com,Roberta.Saint@gmail.com,firefighter
906,Oona,Catie,Oona.Catie@yopmail.com,Oona.Catie@gmail.com,firefighter
907,Jan,Campball,Jan.Campball@yopmail.com,Jan.Campball@gmail.com,doctor
908,Shannah,Ariella,Shannah.Ariella@yopmail.com,Shannah.Ariella@gmail.com,developer
909,Sheree,Bollay,Sheree.Bollay@yopmail.com,Sheree.Bollay@gmail.com,developer
910,Hyacinthe,Joseph,Hyacinthe.Joseph@yopmail.com,Hyacinthe.Joseph@gmail.com,doctor
911,Audrie,Oriana,Audrie.Oriana@yopmail.com,Audrie.Oriana@gmail.com,worker
912,Jessamyn,Grobe,Jessamyn.Grobe@yopmail.com,Jessamyn.Grobe@gmail.com,firefighter
913,Roz,Borrell,Roz.Borrell@yopmail.com,Roz.Borrell@gmail.com,developer
914,Madalyn,Fink,Madalyn.Fink@yopmail.com,Madalyn.Fink@gmail.com,firefighter
915,Nanete,Old,Nanete.Old@yopmail.com,Nanete.Old@gmail.com,developer
916,Jenilee,Isacco,Jenilee.Isacco@yopmail.com,Jenilee.Isacco@gmail.com,developer
917,Mara,Yate,Mara.Yate@yopmail.com,Mara.Yate@gmail.com,developer
918,Ethel,Suzetta,Ethel.Suzetta@yopmail.com,Ethel.Suzetta@gmail.com,developer
919,Beverley,Ciro,Beverley.Ciro@yopmail.com,Beverley.Ciro@gmail.com,police officer
920,Beth,Karl,Beth.Karl@yopmail.com,Beth.Karl@gmail.com,worker
921,Dale,Diogenes,Dale.Diogenes@yopmail.com,Dale.Diogenes@gmail.com,worker
922,Antonietta,Septima,Antonietta.Septima@yopmail.com,Antonietta.Septima@gmail.com,firefighter
923,Sherrie,Levey,Sherrie.Levey@yopmail.com,Sherrie.Levey@gmail.com,doctor
924,Alyda,Nelsen,Alyda.Nelsen@yopmail.com,Alyda.Nelsen@gmail.com,developer
925,Janeczka,Brotherson,Janeczka.Brotherson@yopmail.com,Janeczka.Brotherson@gmail.com,doctor
926,Sherrie,Wattenberg,Sherrie.Wattenberg@yopmail.com,Sherrie.Wattenberg@gmail.com,police officer
927,Raf,Hachmin,Raf.Hachmin@yopmail.com,Raf.Hachmin@gmail.com,firefighter
928,Joane,Ludewig,Joane.Ludewig@yopmail.com,Joane.Ludewig@gmail.com,police officer
929,Wanda,Martguerita,Wanda.Martguerita@yopmail.com,Wanda.Martguerita@gmail.com,police officer
930,Rani,Himelman,Rani.Himelman@yopmail.com,Rani.Himelman@gmail.com,developer
931,Concettina,Rooney,Concettina.Rooney@yopmail.com,Concettina.Rooney@gmail.com,firefighter
932,Maryellen,Monaco,Maryellen.Monaco@yopmail.com,Maryellen.Monaco@gmail.com,police officer
933,Lilith,Hailee,Lilith.Hailee@yopmail.com,Lilith.Hailee@gmail.com,firefighter
934,Ayn,Pozzy,Ayn.Pozzy@yopmail.com,Ayn.Pozzy@gmail.com,firefighter
935,Helsa,Hoenack,Helsa.Hoenack@yopmail.com,Helsa.Hoenack@gmail.com,doctor
936,Jsandye,Audly,Jsandye.Audly@yopmail.com,Jsandye.Audly@gmail.com,police officer
937,Gratia,Whittaker,Gratia.Whittaker@yopmail.com,Gratia.Whittaker@gmail.com,developer
938,Cathyleen,Yorick,Cathyleen.Yorick@yopmail.com,Cathyleen.Yorick@gmail.com,doctor
939,Cathyleen,Johnsson,Cathyleen.Johnsson@yopmail.com,Cathyleen.Johnsson@gmail.com,police officer
940,Delilah,Stav,Delilah.Stav@yopmail.com,Delilah.Stav@gmail.com,developer
941,Sibella,Cressida,Sibella.Cressida@yopmail.com,Sibella.Cressida@gmail.com,developer
942,Loree,Paton,Loree.Paton@yopmail.com,Loree.Paton@gmail.com,doctor
943,Selma,Pitt,Selma.Pitt@yopmail.com,Selma.Pitt@gmail.com,firefighter
944,Annice,Karna,Annice.Karna@yopmail.com,Annice.Karna@gmail.com,worker
945,Marika,Wu,Marika.Wu@yopmail.com,Marika.Wu@gmail.com,doctor
946,Tarra,Ophelia,Tarra.Ophelia@yopmail.com,Tarra.Ophelia@gmail.com,police officer
947,Tressa,Albertine,Tressa.Albertine@yopmail.com,Tressa.Albertine@gmail.com,firefighter
948,Charlena,Wilkinson,Charlena.Wilkinson@yopmail.com,Charlena.Wilkinson@gmail.com,police officer
949,Jinny,Kress,Jinny.Kress@yopmail.com,Jinny.Kress@gmail.com,doctor
950,Vanessa,Orelee,Vanessa.Orelee@yopmail.com,Vanessa.Orelee@gmail.com,worker
951,Merrie,Zetta,Merrie.Zetta@yopmail.com,Merrie.Zetta@gmail.com,doctor
952,Therine,Albertine,Therine.Albertine@yopmail.com,Therine.Albertine@gmail.com,worker
953,Heddie,Laverne,Heddie.Laverne@yopmail.com,Heddie.Laverne@gmail.com,doctor
954,Shauna,Blase,Shauna.Blase@yopmail.com,Shauna.Blase@gmail.com,developer
955,Odessa,Rudolph,Odessa.Rudolph@yopmail.com,Odessa.Rudolph@gmail.com,developer
956,Rayna,Eckblad,Rayna.Eckblad@yopmail.com,Rayna.Eckblad@gmail.com,police officer
957,Charlena,Ilka,Charlena.Ilka@yopmail.com,Charlena.Ilka@gmail.com,firefighter
958,Raquela,Rillings,Raquela.Rillings@yopmail.com,Raquela.Rillings@gmail.com,worker
959,Lanna,Winthorpe,Lanna.Winthorpe@yopmail.com,Lanna.Winthorpe@gmail.com,firefighter
960,Jacenta,Alabaster,Jacenta.Alabaster@yopmail.com,Jacenta.Alabaster@gmail.com,worker
961,Eadie,Pearse,Eadie.Pearse@yopmail.com,Eadie.Pearse@gmail.com,police officer
962,Kittie,Mott,Kittie.Mott@yopmail.com,Kittie.Mott@gmail.com,firefighter
963,Ericka,Jotham,Ericka.Jotham@yopmail.com,Ericka.Jotham@gmail.com,firefighter
964,Jenda,Connelly,Jenda.Connelly@yopmail.com,Jenda.Connelly@gmail.com,developer
965,Sonni,Norvol,Sonni.Norvol@yopmail.com,Sonni.Norvol@gmail.com,police officer
966,Natka,Calhoun,Natka.Calhoun@yopmail.com,Natka.Calhoun@gmail.com,worker
967,Gaylene,Eben,Gaylene.Eben@yopmail.com,Gaylene.Eben@gmail.com,firefighter
968,Noelle,Hutchison,Noelle.Hutchison@yopmail.com,Noelle.Hutchison@gmail.com,firefighter
969,Cathie,Lemuela,Cathie.Lemuela@yopmail.com,Cathie.Lemuela@gmail.com,police officer
970,Kaja,Armanda,Kaja.Armanda@yopmail.com,Kaja.Armanda@gmail.com,firefighter
971,Sadie,Guthrie,Sadie.Guthrie@yopmail.com,Sadie.Guthrie@gmail.com,doctor
972,Anica,Honoria,Anica.Honoria@yopmail.com,Anica.Honoria@gmail.com,firefighter
973,Devina,Bultman,Devina.Bultman@yopmail.com,Devina.Bultman@gmail.com,doctor
974,Nyssa,Fancie,Nyssa.Fancie@yopmail.com,Nyssa.Fancie@gmail.com,firefighter
975,Ann-Marie,Ranjiv,Ann-Marie.Ranjiv@yopmail.com,Ann-Marie.Ranjiv@gmail.com,developer
976,Rosaline,Haerr,Rosaline.Haerr@yopmail.com,Rosaline.Haerr@gmail.com,doctor
977,Misha,Wolfgram,Misha.Wolfgram@yopmail.com,Misha.Wolfgram@gmail.com,doctor
978,Dania,Ardeha,Dania.Ardeha@yopmail.com,Dania.Ardeha@gmail.com,firefighter
979,Sue,Zenas,Sue.Zenas@yopmail.com,Sue.Zenas@gmail.com,developer
980,Sam,Ingra,Sam.Ingra@yopmail.com,Sam.Ingra@gmail.com,worker
981,Ulrike,Gilmour,Ulrike.Gilmour@yopmail.com,Ulrike.Gilmour@gmail.com,doctor
982,Rosanne,Gaspard,Rosanne.Gaspard@yopmail.com,Rosanne.Gaspard@gmail.com,police officer
983,Sibella,Ivens,Sibella.Ivens@yopmail.com,Sibella.Ivens@gmail.com,worker
984,Lizzie,Naor,Lizzie.Naor@yopmail.com,Lizzie.Naor@gmail.com,worker
985,Jan,Audly,Jan.Audly@yopmail.com,Jan.Audly@gmail.com,worker
986,Edyth,Merriott,Edyth.Merriott@yopmail.com,Edyth.Merriott@gmail.com,worker
987,Clementine,Cohdwell,Clementine.Cohdwell@yopmail.com,Clementine.Cohdwell@gmail.com,firefighter
988,Olivette,Slifka,Olivette.Slifka@yopmail.com,Olivette.Slifka@gmail.com,developer
989,Lexine,Monaco,Lexine.Monaco@yopmail.com,Lexine.Monaco@gmail.com,developer
990,Brianna,Ashok,Brianna.Ashok@yopmail.com,Brianna.Ashok@gmail.com,doctor
991,Vinita,Smitt,Vinita.Smitt@yopmail.com,Vinita.Smitt@gmail.com,doctor
992,Renae,Morrill,Renae.Morrill@yopmail.com,Renae.Morrill@gmail.com,worker
993,Valera,Niccolo,Valera.Niccolo@yopmail.com,Valera.Niccolo@gmail.com,doctor
994,Vere,Maryanne,Vere.Maryanne@yopmail.com,Vere.Maryanne@gmail.com,worker
995,Jenilee,Roche,Jenilee.Roche@yopmail.com,Jenilee.Roche@gmail.com,worker
996,Joeann,Avi,Joeann.Avi@yopmail.com,Joeann.Avi@gmail.com,police officer
997,Ida,Irmine,Ida.Irmine@yopmail.com,Ida.Irmine@gmail.com,developer
998,Gratia,Allare,Gratia.Allare@yopmail.com,Gratia.Allare@gmail.com,developer
999,Sindee,Virgin,Sindee.Virgin@yopmail.com,Sindee.Virgin@gmail.com,police officer
1000,Audrie,Sabella,Audrie.Sabella@yopmail.com,Audrie.Sabella@gmail.com,firefighter
1001,Nita,Kussell,Nita.Kussell@yopmail.com,Nita.Kussell@gmail.com,police officer
1002,Catharine,Lory,Catharine.Lory@yopmail.com,Catharine.Lory@gmail.com,doctor
1003,Livvyy,Bryna,Livvyy.Bryna@yopmail.com,Livvyy.Bryna@gmail.com,firefighter
1004,Cherrita,Thomasina,Cherrita.Thomasina@yopmail.com,Cherrita.Thomasina@gmail.com,worker
1005,Karlee,Abernon,Karlee.Abernon@yopmail.com,Karlee.Abernon@gmail.com,developer
1006,Carolina,Claudine,Carolina.Claudine@yopmail.com,Carolina.Claudine@gmail.com,police officer
1007,Ronna,Arquit,Ronna.Arquit@yopmail.com,Ronna.Arquit@gmail.com,worker
1008,Viviene,Jerold,Viviene.Jerold@yopmail.com,Viviene.Jerold@gmail.com,firefighter
1009,Lynnea,Taima,Lynnea.Taima@yopmail.com,Lynnea.Taima@gmail.com,police officer
1010,Quintina,Estella,Quintina.Estella@yopmail.com,Quintina.Estella@gmail.com,police officer
1011,Fanchon,Bach,Fanchon.Bach@yopmail.com,Fanchon.Bach@gmail.com,worker
1012,Petronia,Donoghue,Petronia.Donoghue@yopmail.com,Petronia.Donoghue@gmail.com,developer
1013,Rivalee,Cloris,Rivalee.Cloris@yopmail.com,Rivalee.Cloris@gmail.com,firefighter
1014,Dianemarie,Koziara,Dianemarie.Koziara@yopmail.com,Dianemarie.Koziara@gmail.com,worker
1015,Corry,Lumbard,Corry.Lumbard@yopmail.com,Corry.Lumbard@gmail.com,firefighter
1016,Kimmy,Ader,Kimmy.Ader@yopmail.com,Kimmy.Ader@gmail.com,doctor
1017,Sibella,Korey,Sibella.Korey@yopmail.com,Sibella.Korey@gmail.com,police officer
1018,Elbertina,Quinn,Elbertina.Quinn@yopmail.com,Elbertina.Quinn@gmail.com,doctor
1019,Joy,Papageno,Joy.Papageno@yopmail.com,Joy.Papageno@gmail.com,doctor
1020,Joleen,Killigrew,Joleen.Killigrew@yopmail.com,Joleen.Killigrew@gmail.com,worker
1021,Coral,Berl,Coral.Berl@yopmail.com,Coral.Berl@gmail.com,developer
1022,Roxane,Gunn,Roxane.Gunn@yopmail.com,Roxane.Gunn@gmail.com,developer
1023,Sue,Carmena,Sue.Carmena@yopmail.com,Sue.Carmena@gmail.com,police officer
1024,Marita,Lindemann,Marita.Lindemann@yopmail.com,Marita.Lindemann@gmail.com,police officer
1025,Doro,Pulsifer,Doro.Pulsifer@yopmail.com,Doro.Pulsifer@gmail.com,worker
1026,Ottilie,Salchunas,Ottilie.Salchunas@yopmail.com,Ottilie.Salchunas@gmail.com,doctor
1027,Gilligan,Nance,Gilligan.Nance@yopmail.com,Gilligan.Nance@gmail.com,worker
1028,Elbertina,Manolo,Elbertina.Manolo@yopmail.com,Elbertina.Manolo@gmail.com,doctor
1029,Tilly,Torray,Tilly.Torray@yopmail.com,Tilly.Torray@gmail.com,firefighter
1030,Latisha,Bord,Latisha.Bord@yopmail.com,Latisha.Bord@gmail.com,worker
1031,Aaren,Mendez,Aaren.Mendez@yopmail.com,Aaren.Mendez@gmail.com,developer
1032,Lusa,Donoghue,Lusa.Donoghue@yopmail.com,Lusa.Donoghue@gmail.com,police officer
1033,Sallie,Glenden,Sallie.Glenden@yopmail.com,Sallie.Glenden@gmail.com,police officer
1034,Jessy,Deegan,Jessy.Deegan@yopmail.com,Jessy.Deegan@gmail.com,worker
1035,Orelia,Annice,Orelia.Annice@yopmail.com,Orelia.Annice@gmail.com,developer
1036,Karly,Carbo,Karly.Carbo@yopmail.com,Karly.Carbo@gmail.com,firefighter
1037,Jorry,Trinetta,Jorry.Trinetta@yopmail.com,Jorry.Trinetta@gmail.com,doctor
1038,Dolli,Lissi,Dolli.Lissi@yopmail.com,Dolli.Lissi@gmail.com,firefighter
1039,Vita,Lea,Vita.Lea@yopmail.com,Vita.Lea@gmail.com,doctor
1040,Letizia,McClimans,Letizia.McClimans@yopmail.com,Letizia.McClimans@gmail.com,doctor
1041,Ericka,Elvyn,Ericka.Elvyn@yopmail.com,Ericka.Elvyn@gmail.com,worker
1042,Johna,Diogenes,Johna.Diogenes@yopmail.com,Johna.Diogenes@gmail.com,police officer
1043,Jackie,Kimmie,Jackie.Kimmie@yopmail.com,Jackie.Kimmie@gmail.com,firefighter
1044,Kimmy,Sawtelle,Kimmy.Sawtelle@yopmail.com,Kimmy.Sawtelle@gmail.com,firefighter
1045,Michaelina,Francene,Michaelina.Francene@yopmail.com,Michaelina.Francene@gmail.com,police officer
1046,Fred,Phaidra,Fred.Phaidra@yopmail.com,Fred.Phaidra@gmail.com,developer
1047,Melanie,Milde,Melanie.Milde@yopmail.com,Melanie.Milde@gmail.com,firefighter
1048,Rubie,Diann,Rubie.Diann@yopmail.com,Rubie.Diann@gmail.com,firefighter
1049,Janey,Montgomery,Janey.Montgomery@yopmail.com,Janey.Montgomery@gmail.com,police officer
1050,Orsola,Iiette,Orsola.Iiette@yopmail.com,Orsola.Iiette@gmail.com,police officer
1051,Rhoda,Giff,Rhoda.Giff@yopmail.com,Rhoda.Giff@gmail.com,doctor
1052,Rozele,Karna,Rozele.Karna@yopmail.com,Rozele.Karna@gmail.com,doctor
1053,Gratia,Flita,Gratia.Flita@yopmail.com,Gratia.Flita@gmail.com,firefighter
1054,Magdalena,Annabella,Magdalena.Annabella@yopmail.com,Magdalena.Annabella@gmail.com,firefighter
1055,Orelia,Septima,Orelia.Septima@yopmail.com,Orelia.Septima@gmail.com,doctor
1056,Stacey,Keelia,Stacey.Keelia@yopmail.com,Stacey.Keelia@gmail.com,worker
1057,Britte,Ciro,Britte.Ciro@yopmail.com,Britte.Ciro@gmail.com,doctor
1058,Leeanne,Hachmin,Leeanne.Hachmin@yopmail.com,Leeanne.Hachmin@gmail.com,firefighter
1059,Verla,Isacco,Verla.Isacco@yopmail.com,Verla.Isacco@gmail.com,developer
1060,Pollyanna,Duwalt,Pollyanna.Duwalt@yopmail.com,Pollyanna.Duwalt@gmail.com,police officer
1061,Bobbi,Rese,Bobbi.Rese@yopmail.com,Bobbi.Rese@gmail.com,firefighter
1062,Regina,Felizio,Regina.Felizio@yopmail.com,Regina.Felizio@gmail.com,firefighter
1063,Emmey,Tatianas,Emmey.Tatianas@yopmail.com,Emmey.Tatianas@gmail.com,firefighter
1064,Karena,Ioab,Karena.Ioab@yopmail.com,Karena.Ioab@gmail.com,doctor
1065,Addia,Clarissa,Addia.Clarissa@yopmail.com,Addia.Clarissa@gmail.com,developer
1066,Hettie,Alice,Hettie.Alice@yopmail.com,Hettie.Alice@gmail.com,police officer
1067,Flory,Kathie,Flory.Kathie@yopmail.com,Flory.Kathie@gmail.com,worker
1068,Elbertina,Greenwald,Elbertina.Greenwald@yopmail.com,Elbertina.Greenwald@gmail.com,police officer
1069,Ottilie,Egbert,Ottilie.Egbert@yopmail.com,Ottilie.Egbert@gmail.com,worker
1070,Paulita,Soneson,Paulita.Soneson@yopmail.com,Paulita.Soneson@gmail.com,developer
1071,Odessa,Karylin,Odessa.Karylin@yopmail.com,Odessa.Karylin@gmail.com,doctor
1072,Olivette,Andrel,Olivette.Andrel@yopmail.com,Olivette.Andrel@gmail.com,worker
1073,Cam,Eachern,Cam.Eachern@yopmail.com,Cam.Eachern@gmail.com,worker
1074,Brandise,Berl,Brandise.Berl@yopmail.com,Brandise.Berl@gmail.com,firefighter
1075,Tracey,Jary,Tracey.Jary@yopmail.com,Tracey.Jary@gmail.com,developer
1076,Camile,Wenda,Camile.Wenda@yopmail.com,Camile.Wenda@gmail.com,doctor
1077,Dione,Nore,Dione.Nore@yopmail.com,Dione.Nore@gmail.com,worker
1078,Helena,Pettiford,Helena.Pettiford@yopmail.com,Helena.Pettiford@gmail.com,doctor
1079,Blinni,Shuler,Blinni.Shuler@yopmail.com,Blinni.Shuler@gmail.com,worker
1080,Keelia,Gabrielli,Keelia.Gabrielli@yopmail.com,Keelia.Gabrielli@gmail.com,firefighter
1081,Keelia,Sharl,Keelia.Sharl@yopmail.com,Keelia.Sharl@gmail.com,police officer
1082,Nicoli,Sheedy,Nicoli.Sheedy@yopmail.com,Nicoli.Sheedy@gmail.com,police officer
1083,Lyssa,Diogenes,Lyssa.Diogenes@yopmail.com,Lyssa.Diogenes@gmail.com,worker
1084,Lisette,Hermes,Lisette.Hermes@yopmail.com,Lisette.Hermes@gmail.com,doctor
1085,Jackie,Naashom,Jackie.Naashom@yopmail.com,Jackie.Naashom@gmail.com,firefighter
1086,Karena,Podvin,Karena.Podvin@yopmail.com,Karena.Podvin@gmail.com,developer
1087,Noelle,Tjon,Noelle.Tjon@yopmail.com,Noelle.Tjon@gmail.com,worker
1088,Esmeralda,Elsinore,Esmeralda.Elsinore@yopmail.com,Esmeralda.Elsinore@gmail.com,developer
1089,Willetta,Elbertina,Willetta.Elbertina@yopmail.com,Willetta.Elbertina@gmail.com,developer
1090,Binny,Flita,Binny.Flita@yopmail.com,Binny.Flita@gmail.com,police officer
1091,Arlina,Penelopa,Arlina.Penelopa@yopmail.com,Arlina.Penelopa@gmail.com,developer
1092,Alie,Ogren,Alie.Ogren@yopmail.com,Alie.Ogren@gmail.com,developer
1093,Micheline,Campball,Micheline.Campball@yopmail.com,Micheline.Campball@gmail.com,police officer
1094,Ardenia,Cadmar,Ardenia.Cadmar@yopmail.com,Ardenia.Cadmar@gmail.com,worker
1095,Augustine,Clarissa,Augustine.Clarissa@yopmail.com,Augustine.Clarissa@gmail.com,worker
1096,Jere,Amasa,Jere.Amasa@yopmail.com,Jere.Amasa@gmail.com,firefighter
1097,Jerry,Camden,Jerry.Camden@yopmail.com,Jerry.Camden@gmail.com,doctor
1098,Hollie,Orpah,Hollie.Orpah@yopmail.com,Hollie.Orpah@gmail.com,firefighter
1099,Gilda,Riordan,Gilda.Riordan@yopmail.com,Gilda.Riordan@gmail.com,firefighter