id,firstname,lastname,email,email2,profession
100,Elka,Pascia,Elka.Pascia@yopmail.com,Elka.Pascia@gmail.com,firefighter
101,Verla,Cleavland,Verla.Cleavland@yopmail.com,Verla.Cleavland@gmail.com,doctor
102,Celisse,Turne,Celisse.Turne@yopmail.com,Celisse.Turne@gmail.com,police officer
103,Gertrud,Salchunas,Gertrud.Salchunas@yopmail.com,Gertrud.Salchunas@gmail.com,doctor
104,Penelopa,Ortrude,Penelopa.Ortrude@yopmail.com,Penelopa.Ortrude@gmail.com,worker
105,Lyssa,Roxanna,Lyssa.Roxanna@yopmail.com,Lyssa.Roxanna@gmail.com,doctor
106,Emma,Ball,Emma.Ball@yopmail.com,Emma.Ball@gmail.com,firefighter
107,Brianna,Vorster,Brianna.Vorster@yopmail.com,Brianna.Vorster@gmail.com,doctor
108,Lanae,Vorster,Lanae.Vorster@yopmail.com,Lanae.Vorster@gmail.com,worker
109,Caressa,Graig,Caressa.Graig@yopmail.com,Caressa.Graig@gmail.com,doctor
110,Dede,Moina,Dede.Moina@yopmail.com,Dede.Moina@gmail.com,developer
111,Lynnea,Rosemary,Lynnea.Rosemary@yopmail.com,Lynnea.Rosemary@gmail.com,firefighter
112,Kelly,Mandler,Kelly.Mandler@yopmail.com,Kelly.Mandler@gmail.com,firefighter
113,Ingrid,Zaslow,Ingrid.Zaslow@yopmail.com,Ingrid.Zaslow@gmail.com,police officer
114,Gabriellia,Brackely,Gabriellia.Brackely@yopmail.com,Gabriellia.Brackely@gmail.com,police officer
115,Benita,Mallon,Benita.Mallon@yopmail.com,Benita.Mallon@gmail.com,police officer
116,Coral,Tjon,Coral.Tjon@yopmail.com,Coral.Tjon@gmail.com,developer
117,Shaylyn,Loleta,Shaylyn.Loleta@yopmail.com,Shaylyn.Loleta@gmail.com,police officer
118,Meriel,Lumbard,Meriel.Lumbard@yopmail.com,Meriel.Lumbard@gmail.com,firefighter
119,Dominga,Honoria,Dominga.Honoria@yopmail.com,Dominga.Honoria@gmail.com,doctor
120,Lindie,Dielu,Lindie.Dielu@yopmail.com,Lindie.Dielu@gmail.com,developer
121,Diena,Casimir,Diena.Casimir@yopmail.com,Diena.Casimir@gmail.com,police officer
122,Hannis,Borrell,Hannis.Borrell@yopmail.com,Hannis.Borrell@gmail.com,firefighter
123,Elka,Arquit,Elka.Arquit@yopmail.com,Elka.Arquit@gmail.com,developer
124,Taffy,Pettiford,Taffy.Pettiford@yopmail.com,Taffy.Pettiford@gmail.com,worker
125,Candy,Kathie,Candy.Kathie@yopmail.com,Candy.Kathie@gmail.com,police officer
126,Grier,Kress,Grier.Kress@yopmail.com,Grier.Kress@gmail.com,firefighter
127,Etta,Regan,Etta.Regan@yopmail.com,Etta.Regan@gmail.com,firefighter
128,Corene,Sammons,Corene.Sammons@yopmail.com,Corene.Sammons@gmail.com,police officer
129,Catrina,Vorster,Catrina.Vorster@yopmail.com,Catrina.Vorster@gmail.com,police officer
130,Tilly,Aprile,Tilly.Aprile@yopmail.com,Tilly.Aprile@gmail.com,firefighter
131,Bobbi,Rugen,Bobbi.Rugen@yopmail.com,Bobbi.Rugen@gmail.com,worker
132,Netty,Etom,Netty.Etom@yopmail.com,Netty.Etom@gmail.com,worker
133,Sam,Chrystel,Sam.Chrystel@yopmail.com,Sam.Chrystel@gmail.com,doctor
134,Hyacinthe,Orelee,Hyacinthe.Orelee@yopmail.com,Hyacinthe.Orelee@gmail.com,worker
135,Benita,Grimbly,Benita.Grimbly@yopmail.com,Benita.Grimbly@gmail.com,worker
136,Clary,Mintz,Clary.Mintz@yopmail.com,Clary.Mintz@gmail.com,firefighter
137,Gui,Elisha,Gui.Elisha@yopmail.com,Gui.Elisha@gmail.com,developer
138,Maye,Anis,Maye.Anis@yopmail.com,Maye.Anis@gmail.com,doctor
139,Lynea,Ax,Lynea.Ax@yopmail.com,Lynea.Ax@gmail.com,worker
140,Roslyn,Sholley,Roslyn.Sholley@yopmail.com,Roslyn.Sholley@gmail.com,worker
141,Ricky,Nea,Ricky.Nea@yopmail.com,Ricky.Nea@gmail.com,worker
142,Yolane,Raffo,Yolane.Raffo@yopmail.com,Yolane.Raffo@gmail.com,doctor
143,Florencia,Paine,Florencia.Paine@yopmail.com,Florencia.Paine@gmail.com,police officer
144,Claresta,Chem,Claresta.Chem@yopmail.com,Claresta.Chem@gmail.com,firefighter
145,Kore,Anis,Kore.Anis@yopmail.com,Kore.Anis@gmail.com,worker
146,Fred,Truc,Fred.Truc@yopmail.com,Fred.Truc@gmail.com,worker
147,Yolane,Anis,Yolane.Anis@yopmail.com,Yolane.Anis@gmail.com,doctor
148,Leanna,Stephie,Leanna.Stephie@yopmail.com,Leanna.Stephie@gmail.com,worker
149,Cristabel,Colyer,Cristabel.Colyer@yopmail.com,Cristabel.Colyer@gmail.com,developer
150,Hollie,Huggins,Hollie.Huggins@yopmail.com,Hollie.Huggins@gmail.com,doctor
151,Tori,Kenney,Tori.Kenney@yopmail.com,Tori.Kenney@gmail.com,doctor
152,Rosene,Vharat,Rosene.Vharat@yopmail.com,Rosene.Vharat@gmail.com,worker
153,Zondra,Henebry,Zondra.Henebry@yopmail.com,Zondra.Henebry@gmail.com,police officer
154,Agnese,Sholley,Agnese.Sholley@yopmail.com,Agnese.Sholley@gmail.com,worker
155,Jacenta,Stefa,Jacenta.Stefa@yopmail.com,Jacenta.Stefa@gmail.com,developer
156,Taffy,Hartnett,Taffy.Hartnett@yopmail.com,Taffy.Hartnett@gmail.com,police officer
157,Janenna,Ciapas,Janenna.Ciapas@yopmail.com,Janenna.Ciapas@gmail.com,police officer
158,Kellen,Fiester,Kellen.Fiester@yopmail.com,Kellen.Fiester@gmail.com,developer
159,Ofilia,Marijo,Ofilia.Marijo@yopmail.com,Ofilia.Marijo@gmail.com,doctor
160,Brana,Gaal,Brana.Gaal@yopmail.com,Brana.Gaal@gmail.com,doctor
161,Sheelagh,Ursulette,Sheelagh.Ursulette@yopmail.com,Sheelagh.Ursulette@gmail.com,police officer
162,Genovera,Paine,Genovera.Paine@yopmail.com,Genovera.Paine@gmail.com,police officer
163,Ermengarde,Rubie,Ermengarde.Rubie@yopmail.com,Ermengarde.Rubie@gmail.com,police officer
164,Caritta,Dimitris,Caritta.Dimitris@yopmail.com,Caritta.Dimitris@gmail.com,doctor
165,Andeee,Ackerley,Andeee.Ackerley@yopmail.com,Andeee.Ackerley@gmail.com,firefighter
166,Leontine,Crudden,Leontine.Crudden@yopmail.com,Leontine.Crudden@gmail.com,worker
167,Nita,Rustice,Nita.Rustice@yopmail.com,Nita.Rustice@gmail.com,developer
168,Consuela,Sherfield,Consuela.Sherfield@yopmail.com,Consuela.Sherfield@gmail.com,police officer
169,Hettie,Johanna,Hettie.Johanna@yopmail.com,Hettie.Johanna@gmail.com,doctor
170,Heddie,Secrest,Heddie.Secrest@yopmail.com,Heddie.Secrest@gmail.com,firefighter
171,Cristabel,Rubie,Cristabel.Rubie@yopmail.com,Cristabel.Rubie@gmail.com,worker
172,Roberta,Han,Roberta.Han@yopmail.com,Roberta.Han@gmail.com,police officer
173,Jasmina,Erb,Jasmina.Erb@yopmail.com,Jasmina.Erb@gmail.com,firefighter
174,Correy,Wyn,Correy.Wyn@yopmail.com,Correy.Wyn@gmail.com,worker
175,Tabbatha,Hewitt,Tabbatha.Hewitt@yopmail.com,Tabbatha.Hewitt@gmail.com,doctor
176,Paulita,Land,Paulita.Land@yopmail.com,Paulita.Land@gmail.com,developer
177,Tressa,Eliathas,Tressa.Eliathas@yopmail.com,Tressa.Eliathas@gmail.com,developer
178,Malina,Clara,Malina.Clara@yopmail.com,Malina.Clara@gmail.com,firefighter
179,Averyl,Lowry,Averyl.Lowry@yopmail.com,Averyl.Lowry@gmail.com,firefighter
180,Kassey,Shaddock,Kassey.Shaddock@yopmail.com,Kassey.Shaddock@gmail.com,doctor
181,Chrystel,Klemperer,Chrystel.Klemperer@yopmail.com,Chrystel.Klemperer@gmail.com,police officer
182,Robbi,Poppy,Robbi.Poppy@yopmail.com,Robbi.Poppy@gmail.com,doctor
183,Celisse,Fosque,Celisse.Fosque@yopmail.com,Celisse.Fosque@gmail.com,firefighter
184,Nickie,Alrich,Nickie.Alrich@yopmail.com,Nickie.Alrich@gmail.com,police officer
185,Sibella,Wilkinson,Sibella.Wilkinson@yopmail.com,Sibella.Wilkinson@gmail.com,firefighter
186,Hettie,Federica,Hettie.Federica@yopmail.com,Hettie.Federica@gmail.com,worker
187,Mara,Carleen,Mara.Carleen@yopmail.com,Mara.Carleen@gmail.com,police officer
188,Feliza,Fry,Feliza.Fry@yopmail.com,Feliza.Fry@gmail.com,developer
189,Kaia,Karylin,Kaia.Karylin@yopmail.com,Kaia.Karylin@gmail.com,firefighter
190,Joelly,Marisa,Joelly.Marisa@yopmail.com,Joelly.Marisa@gmail.com,worker
191,Nariko,Vins,Nariko.Vins@yopmail.com,Nariko.Vins@gmail.com,police officer
192,Cyb,Elvyn,Cyb.Elvyn@yopmail.com,Cyb.Elvyn@gmail.com,worker
193,Althea,Annabella,Althea.Annabella@yopmail.com,Althea.Annabella@gmail.com,worker
194,Nananne,Andrel,Nananne.Andrel@yopmail.com,Nananne.Andrel@gmail.com,firefighter
195,Juliane,Ammann,Juliane.Ammann@yopmail.com,Juliane.Ammann@gmail.com,firefighter
196,Jan,Bach,Jan.Bach@yopmail.com,Jan.Bach@gmail.com,worker
197,Mireielle,Suzetta,Mireielle.Suzetta@yopmail.com,Mireielle.Suzetta@gmail.com,police officer
198,Fanchon,Macey,Fanchon.Macey@yopmail.com,Fanchon.Macey@gmail.com,doctor
199,Kenna,Alwin,Kenna.Alwin@yopmail.com,Kenna.Alwin@gmail.com,police officer
200,Doralynne,Even,Doralynne.Even@yopmail.com,Doralynne.Even@gmail.com,developer
201,Corly,Dorine,Corly.Dorine@yopmail.com,Corly.Dorine@gmail.com,police officer
202,Shaine,Chick,Shaine.Chick@yopmail.com,Shaine.Chick@gmail.com,police officer
203,Alexine,Brenn,Alexine.Brenn@yopmail.com,Alexine.Brenn@gmail.com,firefighter
204,Sherrie,Screens,Sherrie.Screens@yopmail.com,Sherrie.Screens@gmail.com,developer
205,Dari,Blase,Dari.Blase@yopmail.com,Dari.Blase@gmail.com,firefighter
206,Stacey,Greyson,Stacey.Greyson@yopmail.com,Stacey.Greyson@gmail.com,firefighter
207,Heddie,Borrell,Heddie.Borrell@yopmail.com,Heddie.Borrell@gmail.com,firefighter
208,Marylou,Sibyls,Marylou.Sibyls@yopmail.com,Marylou.Sibyls@gmail.com,worker
209,Violet,Persse,Violet.Persse@yopmail.com,Violet.Persse@gmail.com,firefighter
210,Eve,Saint,Eve.Saint@yopmail.com,Eve.Saint@gmail.com,doctor
211,Cassandra,Smitt,Cassandra.Smitt@yopmail.com,Cassandra.Smitt@gmail.com,developer
212,Nickie,Zetta,Nickie.Zetta@yopmail.com,Nickie.Zetta@gmail.com,worker
213,Iseabal,Zeeba,Iseabal.Zeeba@yopmail.com,Iseabal.Zeeba@gmail.com,police officer
214,Aryn,Leonard,Aryn.Leonard@yopmail.com,Aryn.Leonard@gmail.com,police officer
215,Aigneis,Leifeste,Aigneis.Leifeste@yopmail.com,Aigneis.Leifeste@gmail.com,firefighter
216,Lanna,Lacombe,Lanna.Lacombe@yopmail.com,Lanna.Lacombe@gmail.com,firefighter
217,Oralee,Florina,Oralee.Florina@yopmail.com,Oralee.Florina@gmail.com,police officer
218,Allyce,Faro,Allyce.Faro@yopmail.com,Allyce.Faro@gmail.com,police officer
219,Rebeca,Carey,Rebeca.Carey@yopmail.com,Rebeca.Carey@gmail.com,doctor
220,Kirstin,Janith,Kirstin.Janith@yopmail.com,Kirstin.Janith@gmail.com,doctor
221,Gilligan,Kamaria,Gilligan.Kamaria@yopmail.com,Gilligan.Kamaria@gmail.com,police officer
222,Tiffie,Ade,Tiffie.Ade@yopmail.com,Tiffie.Ade@gmail.com,developer
223,Zaria,Bebe,Zaria.Bebe@yopmail.com,Zaria.Bebe@gmail.com,developer
224,Asia,Hurley,Asia.Hurley@yopmail.com,Asia.Hurley@gmail.com,developer
225,Cristabel,Diann,Cristabel.Diann@yopmail.com,Cristabel.Diann@gmail.com,police officer
226,Kaja,Waldron,Kaja.Waldron@yopmail.com,Kaja.Waldron@gmail.com,police officer
227,Aurore,Eiser,Aurore.Eiser@yopmail.com,Aurore.Eiser@gmail.com,developer
228,Ginnie,Natica,Ginnie.Natica@yopmail.com,Ginnie.Natica@gmail.com,doctor
229,Lenna,Berard,Lenna.Berard@yopmail.com,Lenna.Berard@gmail.com,developer
230,Lesly,Wandie,Lesly.Wandie@yopmail.com,Lesly.Wandie@gmail.com,developer
231,Nelle,Tristram,Nelle.Tristram@yopmail.com,Nelle.Tristram@gmail.com,doctor
232,Joeann,Borrell,Joeann.Borrell@yopmail.com,Joeann.Borrell@gmail.com,developer
233,Beatriz,Monk,Beatriz.Monk@yopmail.com,Beatriz.Monk@gmail.com,developer
234,Vere,Borrell,Vere.Borrell@yopmail.com,Vere.Borrell@gmail.com,developer
235,Hannis,Zeeba,Hannis.Zeeba@yopmail.com,Hannis.Zeeba@gmail.com,worker
236,Dorothy,Hutchison,Dorothy.Hutchison@yopmail.com,Dorothy.Hutchison@gmail.com,doctor
237,Tobe,Breed,Tobe.Breed@yopmail.com,Tobe.Breed@gmail.com,doctor
238,Coral,Yerkovich,Coral.Yerkovich@yopmail.com,Coral.Yerkovich@gmail.com,doctor
239,Rochette,Curren,Rochette.Curren@yopmail.com,Rochette.Curren@gmail.com,doctor
240,Marika,Yam,Marika.Yam@yopmail.com,Marika.Yam@gmail.com,worker
241,Lily,Ivens,Lily.Ivens@yopmail.com,Lily.Ivens@gmail.com,firefighter
242,Shirlee,Krystle,Shirlee.Krystle@yopmail.com,Shirlee.Krystle@gmail.com,developer
243,Aurore,Freddi,Aurore.Freddi@yopmail.com,Aurore.Freddi@gmail.com,firefighter
244,Jillayne,Kermit,Jillayne.Kermit@yopmail.com,Jillayne.Kermit@gmail.com,police officer
245,Charmaine,Jorgan,Charmaine.Jorgan@yopmail.com,Charmaine.Jorgan@gmail.com,developer
246,Rayna,Vary,Rayna.Vary@yopmail.com,Rayna.Vary@gmail.com,developer
247,Kellen,Elsinore,Kellen.Elsinore@yopmail.com,Kellen.Elsinore@gmail.com,worker
248,Codie,Jacobah,Codie.Jacobah@yopmail.com,Codie.Jacobah@gmail.com,doctor
249,Dania,Peonir,Dania.Peonir@yopmail.com,Dania.Peonir@gmail.com,doctor
250,Jorry,Terencio,Jorry.Terencio@yopmail.com,Jorry.Terencio@gmail.com,doctor
251,Flo,Melony,Flo.Melony@yopmail.com,Flo.Melony@gmail.com,developer
252,Reeba,Maryanne,Reeba.Maryanne@yopmail.com,Reeba.Maryanne@gmail.com,doctor
253,Emelina,Ade,Emelina.Ade@yopmail.com,Emelina.Ade@gmail.com,firefighter
254,Carmela,Concha,Carmela.Concha@yopmail.com,Carmela.Concha@gmail.com,developer
255,Emilia,Adamsen,Emilia.Adamsen@yopmail.com,Emilia.Adamsen@gmail.com,firefighter
256,Laurene,Lilybelle,Laurene.Lilybelle@yopmail.com,Laurene.Lilybelle@gmail.com,developer
257,Elise,Neva,Elise.Neva@yopmail.com,Elise.Neva@gmail.com,firefighter
258,Darci,Jillane,Darci.Jillane@yopmail.com,Darci.Jillane@gmail.com,doctor
259,Celestyna,Bobbee,Celestyna.Bobbee@yopmail.com,Celestyna.Bobbee@gmail.com,police officer
260,Lauryn,Caitlin,Lauryn.Caitlin@yopmail.com,Lauryn.Caitlin@gmail.com,developer
261,Beatriz,Ivens,Beatriz.Ivens@yopmail.com,Beatriz.Ivens@gmail.com,firefighter
262,Angelique,Wilkinson,Angelique.Wilkinson@yopmail.com,Angelique.Wilkinson@gmail.com,firefighter
263,Bibby,Chem,Bibby.Chem@yopmail.com,Bibby.Chem@gmail.com,worker
264,Wanda,Liebermann,Wanda.Liebermann@yopmail.com,Wanda.Liebermann@gmail.com,worker
265,Konstance,Redmond,Konstance.Redmond@yopmail.com,Konstance.Redmond@gmail.com,firefighter
266,Korrie,Vary,Korrie.Vary@yopmail.com,Korrie.Vary@gmail.com,doctor
267,Florie,Friede,Florie.Friede@yopmail.com,Florie.Friede@gmail.com,firefighter
268,Ezmeralda,Valoniah,Ezmeralda.Valoniah@yopmail.com,Ezmeralda.Valoniah@gmail.com,police officer
269,Bibby,Gunn,Bibby.Gunn@yopmail.com,Bibby.Gunn@gmail.com,doctor
270,Natka,Schwejda,Natka.Schwejda@yopmail.com,Natka.Schwejda@gmail.com,firefighter
271,Lorie,Schlosser,Lorie.Schlosser@yopmail.com,Lorie.Schlosser@gmail.com,worker
272,Catharine,Georas,Catharine.Georas@yopmail.com,Catharine.Georas@gmail.com,police officer
273,Vere,Avi,Vere.Avi@yopmail.com,Vere.Avi@gmail.com,firefighter
274,Elyssa,Granoff,Elyssa.Granoff@yopmail.com,Elyssa.Granoff@gmail.com,police officer
275,Kathy,Warthman,Kathy.Warthman@yopmail.com,Kathy.Warthman@gmail.com,doctor
276,Allis,Zuzana,Allis.Zuzana@yopmail.com,Allis.Zuzana@gmail.com,doctor
277,Inga,Martguerita,Inga.Martguerita@yopmail.com,Inga.Martguerita@gmail.com,worker
278,Rosene,Cloris,Rosene.Cloris@yopmail.com,Rosene.Cloris@gmail.com,police officer
279,Georgina,Delp,Georgina.Delp@yopmail.com,Georgina.Delp@gmail.com,developer
280,Selma,Melony,Selma.Melony@yopmail.com,Selma.Melony@gmail.com,doctor
281,Phylis,Ferino,Phylis.Ferino@yopmail.com,Phylis.Ferino@gmail.com,worker
282,Letizia,Felizio,Letizia.Felizio@yopmail.com,Letizia.Felizio@gmail.com,firefighter
283,Ann-Marie,Garlinda,Ann-Marie.Garlinda@yopmail.com,Ann-Marie.Garlinda@gmail.com,developer
284,Lanae,Cecile,Lanae.Cecile@yopmail.com,Lanae.Cecile@gmail.com,doctor
285,Lexine,Dermott,Lexine.Dermott@yopmail.com,Lexine.Dermott@gmail.com,doctor
286,Chandra,Idelia,Chandra.Idelia@yopmail.com,Chandra.Idelia@gmail.com,doctor
287,Florencia,Zola,Florencia.Zola@yopmail.com,Florencia.Zola@gmail.com,developer
288,Karena,Aloise,Karena.Aloise@yopmail.com,Karena.Aloise@gmail.com,worker
289,Andree,Vharat,Andree.Vharat@yopmail.com,Andree.Vharat@gmail.com,police officer
290,Annecorinne,Destinee,Annecorinne.Destinee@yopmail.com,Annecorinne.Destinee@gmail.com,police officer
291,Helsa,Gilbertson,Helsa.Gilbertson@yopmail.com,Helsa.Gilbertson@gmail.com,worker
292,Florencia,Carvey,Florencia.Carvey@yopmail.com,Florencia.Carvey@gmail.com,worker
293,Imojean,Soneson,Imojean.Soneson@yopmail.com,Imojean.Soneson@gmail.com,worker
294,Jaime,Naashom,Jaime.Naashom@yopmail.com,Jaime.Naashom@gmail.com,police officer
295,Ottilie,Kylander,Ottilie.Kylander@yopmail.com,Ottilie.Kylander@gmail.com,police officer
296,Jany,Ade,Jany.Ade@yopmail.com,Jany.Ade@gmail.com,worker
297,Carlie,Sawtelle,Carlie.Sawtelle@yopmail.com,Carlie.Sawtelle@gmail.com,police officer
298,Kassey,Reidar,Kassey.Reidar@yopmail.com,Kassey.Reidar@gmail.com,police officer
299,Shauna,Paine,Shauna.Paine@yopmail.com,Shauna.Paine@gmail.com,worker
300,Rochette,Christine,Rochette.Christine@yopmail.com,Rochette.Christine@gmail.com,firefighter
301,Deane,Revkah,Deane.Revkah@yopmail.com,Deane.Revkah@gmail.com,worker
302,Minda,Faso,Minda.Faso@yopmail.com,Minda.Faso@gmail.com,firefighter
303,Leanna,Noman,Leanna.Noman@yopmail.com,Leanna.Noman@gmail.com,worker
304,Veda,Dichy,Veda.Dichy@yopmail.com,Veda.Dichy@gmail.com,firefighter
305,Willetta,Japeth,Willetta.Japeth@yopmail.com,Willetta.Japeth@gmail.com,doctor
306,Zia,Ruvolo,Zia.Ruvolo@yopmail.com,Zia.Ruvolo@gmail.com,worker
307,Kalina,Weide,Kalina.Weide@yopmail.com,Kalina.Weide@gmail.com,police officer
308,Ann-Marie,Wilona,Ann-Marie.Wilona@yopmail.com,Ann-Marie.Wilona@gmail.com,doctor
309,Melisent,Eno,Melisent.Eno@yopmail.com,Melisent.Eno@gmail.com,developer
310,Gerianna,Natalia,Gerianna.Natalia@yopmail.com,Gerianna.Natalia@gmail.com,firefighter
311,Hildegaard,Holtz,Hildegaard.Holtz@yopmail.com,Hildegaard.Holtz@gmail.com,worker
312,Hope,Guthrie,Hope.Guthrie@yopmail.com,Hope.Guthrie@gmail.com,firefighter
313,Dulcinea,Janene,Dulcinea.Janene@yopmail.com,Dulcinea.Janene@gmail.com,police officer
314,Perry,Eno,Perry.Eno@yopmail.com,Perry.Eno@gmail.com,worker
315,Melisent,Kermit,Melisent.Kermit@yopmail.com,Melisent.Kermit@gmail.com,developer
316,Cristine,Kamaria,Cristine.Kamaria@yopmail.com,Cristine.Kamaria@gmail.com,firefighter
317,Lynde,Raul,Lynde.Raul@yopmail.com,Lynde.Raul@gmail.com,worker
318,Britte,Nore,Britte.Nore@yopmail.com,Britte.Nore@gmail.com,developer
319,Cacilie,Etom,Cacilie.Etom@yopmail.com,Cacilie.Etom@gmail.com,police officer
320,Cassandra,Riordan,Cassandra.Riordan@yopmail.com,Cassandra.Riordan@gmail.com,worker
321,Madelle,Poll,Madelle.Poll@yopmail.com,Madelle.Poll@gmail.com,developer
322,Ada,Nikaniki,Ada.Nikaniki@yopmail.com,Ada.Nikaniki@gmail.com,worker
323,Merry,Evangelia,Merry.Evangelia@yopmail.com,Merry.Evangelia@gmail.com,doctor
324,Gerianna,Ader,Gerianna.Ader@yopmail.com,Gerianna.Ader@gmail.com,doctor
325,Nollie,Sherrie,Nollie.Sherrie@yopmail.com,Nollie.Sherrie@gmail.com,firefighter
326,Brietta,Frendel,Brietta.Frendel@yopmail.com,Brietta.Frendel@gmail.com,doctor
327,Ileana,Chick,Ileana.Chick@yopmail.com,Ileana.Chick@gmail.com,firefighter
328,Valli,Kazimir,Valli.Kazimir@yopmail.com,Valli.Kazimir@gmail.com,police officer
329,Jessy,Fairweather,Jessy.Fairweather@yopmail.com,Jessy.Fairweather@gmail.com,firefighter
330,Perry,Ardra,Perry.Ardra@yopmail.com,Perry.Ardra@gmail.com,firefighter
331,Janey,Hewitt,Janey.Hewitt@yopmail.com,Janey.Hewitt@gmail.com,worker
332,Nicoli,Eldrid,Nicoli.Eldrid@yopmail.com,Nicoli.Eldrid@gmail.com,firefighter
333,Tonia,Olnee,Tonia.Olnee@yopmail.com,Tonia.Olnee@gmail.com,developer
334,Sophia,Freddi,Sophia.Freddi@yopmail.com,Sophia.Freddi@gmail.com,worker
335,Lynnea,Chrystel,Lynnea.Chrystel@yopmail.com,Lynnea.Chrystel@gmail.com,firefighter
336,Liana,Rona,Liana.Rona@yopmail.com,Liana.Rona@gmail.com,doctor
337,Celestyna,Knowling,Celestyna.Knowling@yopmail.com,Celestyna.Knowling@gmail.com,doctor
338,Kimberley,Wareing,Kimberley.Wareing@yopmail.com,Kimberley.Wareing@gmail.com,firefighter
339,Pamella,Byrne,Pamella.Byrne@yopmail.com,Pamella.Byrne@gmail.com,police officer
340,Tracey,Arvo,Tracey.Arvo@yopmail.com,Tracey.Arvo@gmail.com,police officer
341,Ayn,Thornburg,Ayn.Thornburg@yopmail.com,Ayn.Thornburg@gmail.com,firefighter
342,Talya,Nadia,Talya.Nadia@yopmail.com,Talya.Nadia@gmail.com,police officer
343,Jerry,Jorgan,Jerry.Jorgan@yopmail.com,Jerry.Jorgan@gmail.com,police officer
344,Rosanne,Rosemary,Rosanne.Rosemary@yopmail.com,Rosanne.Rosemary@gmail.com,doctor
345,Ellette,Brenn,Ellette.Brenn@yopmail.com,Ellette.Brenn@gmail.com,developer
346,Michaelina,Cassius,Michaelina.Cassius@yopmail.com,Michaelina.Cassius@gmail.com,police officer
347,Harrietta,Hashim,Harrietta.Hashim@yopmail.com,Harrietta.Hashim@gmail.com,police officer
348,Katuscha,Monk,Katuscha.Monk@yopmail.com,Katuscha.Monk@gmail.com,worker
349,Raquela,Goth,Raquela.Goth@yopmail.com,Raquela.Goth@gmail.com,worker
350,Karina,Truc,Karina.Truc@yopmail.com,Karina.Truc@gmail.com,developer
351,Anica,Arne,Anica.Arne@yopmail.com,Anica.Arne@gmail.com,police officer
352,Fanny,Grosz,Fanny.Grosz@yopmail.com,Fanny.Grosz@gmail.com,doctor
353,Merle,Mendez,Merle.Mendez@yopmail.com,Merle.Mendez@gmail.com,worker
354,Eugine,Sigfrid,Eugine.Sigfrid@yopmail.com,Eugine.Sigfrid@gmail.com,firefighter
355,Robbi,Bertold,Robbi.Bertold@yopmail.com,Robbi.Bertold@gmail.com,firefighter
356,Sabina,Bouchard,Sabina.Bouchard@yopmail.com,Sabina.Bouchard@gmail.com,firefighter
357,Joceline,McNully,Joceline.McNully@yopmail.com,Joceline.McNully@gmail.com,doctor
358,Kristan,Bibi,Kristan.Bibi@yopmail.com,Kristan.Bibi@gmail.com,developer
359,Blondelle,Fulmer,Blondelle.Fulmer@yopmail.com,Blondelle.Fulmer@gmail.com,doctor
360,Stevana,Flita,Stevana.Flita@yopmail.com,Stevana.Flita@gmail.com,firefighter
361,Henriette,Dosia,Henriette.Dosia@yopmail.com,Henriette.Dosia@gmail.com,police officer
362,Flory,Grobe,Flory.Grobe@yopmail.com,Flory.Grobe@gmail.com,worker
363,Rivalee,Guildroy,Rivalee.Guildroy@yopmail.com,Rivalee.Guildroy@gmail.com,police officer
364,Marjie,Kare,Marjie.Kare@yopmail.com,Marjie.Kare@gmail.com,doctor
365,Elbertina,Ovid,Elbertina.Ovid@yopmail.com,Elbertina.Ovid@gmail.com,developer
366,Mady,Wyn,Mady.Wyn@yopmail.com,Mady.Wyn@gmail.com,police officer
367,Louella,Vorster,Louella.Vorster@yopmail.com,Louella.Vorster@gmail.com,worker
368,Doro,Tillford,Doro.Tillford@yopmail.com,Doro.Tillford@gmail.com,developer
369,Abbie,Magnolia,Abbie.Magnolia@yopmail.com,Abbie.Magnolia@gmail.com,worker
370,Chrystel,Soneson,Chrystel.Soneson@yopmail.com,Chrystel.Soneson@gmail.com,worker
371,Felice,Amadas,Felice.Amadas@yopmail.com,Felice.Amadas@gmail.com,doctor
372,Heida,Alejoa,Heida.Alejoa@yopmail.com,Heida.Alejoa@gmail.com,worker
373,Lulita,Waldron,Lulita.Waldron@yopmail.com,Lulita.Waldron@gmail.com,police officer
374,Laure,Jenness,Laure.Jenness@yopmail.com,Laure.Jenness@gmail.com,doctor
375,Meghann,Bach,Meghann.Bach@yopmail.com,Meghann.Bach@gmail.com,doctor
376,Mignon,Emmy,Mignon.Emmy@yopmail.com,Mignon.Emmy@gmail.com,worker
377,Beverley,Argus,Beverley.Argus@yopmail.com,Beverley.Argus@gmail.com,doctor
378,Kassey,Goode,Kassey.Goode@yopmail.com,Kassey.Goode@gmail.com,worker
379,Gretal,Isidore,Gretal.Isidore@yopmail.com,Gretal.Isidore@gmail.com,police officer
380,Randa,Ellerey,Randa.Ellerey@yopmail.com,Randa.Ellerey@gmail.com,police officer
381,Rebeca,Ries,Rebeca.Ries@yopmail.com,Rebeca.Ries@gmail.com,doctor
382,Meg,Knowling,Meg.Knowling@yopmail.com,Meg.Knowling@gmail.com,developer
383,Lizzie,Syd,Lizzie.Syd@yopmail.com,Lizzie.Syd@gmail.com,police officer
384,Farrah,Granoff,Farrah.Granoff@yopmail.com,Farrah.Granoff@gmail.com,doctor
385,Elyssa,Juan,Elyssa.Juan@yopmail.com,Elyssa.Juan@gmail.com,doctor
386,Siana,Hilbert,Siana.Hilbert@yopmail.com,Siana.Hilbert@gmail.com,police officer
387,Arabel,Schenck,Arabel.Schenck@yopmail.com,Arabel.Schenck@gmail.com,police officer
388,Valera,Loleta,Valera.Loleta@yopmail.com,Valera.Loleta@gmail.com,firefighter
389,Aeriela,Hurley,Aeriela.Hurley@yopmail.com,Aeriela.Hurley@gmail.com,police officer
390,Ivett,Killigrew,Ivett.Killigrew@yopmail.com,Ivett.Killigrew@gmail.com,police officer
391,Louella,Vale,Louella.Vale@yopmail.com,Louella.Vale@gmail.com,police officer
392,Micheline,Ietta,Micheline.Ietta@yopmail.com,Micheline.Ietta@gmail.com,firefighter
393,Jessamyn,Iiette,Jessamyn.Iiette@yopmail.com,Jessamyn.Iiette@gmail.com,firefighter
394,Cindelyn,Loring,Cindelyn.Loring@yopmail.com,Cindelyn.Loring@gmail.com,worker
395,Meghann,Cutlerr,Meghann.Cutlerr@yopmail.com,Meghann.Cutlerr@gmail.com,developer
396,Cherrita,Melleta,Cherrita.Melleta@yopmail.com,Cherrita.Melleta@gmail.com,firefighter
397,Mignon,Kat,Mignon.Kat@yopmail.com,Mignon.Kat@gmail.com,firefighter
398,Fanny,Hanleigh,Fanny.Hanleigh@yopmail.com,Fanny.Hanleigh@gmail.com,police officer
399,Pamella,Roumell,Pamella.Roumell@yopmail.com,Pamella.Roumell@gmail.com,worker
400,Gaylene,Argus,Gaylene.Argus@yopmail.com,Gaylene.Argus@gmail.com,doctor
401,Hope,Raffo,Hope.Raffo@yopmail.com,Hope.Raffo@gmail.com,firefighter
402,Deloria,Dyche,Deloria.Dyche@yopmail.com,Deloria.Dyche@gmail.com,police officer
403,Rosaline,Paton,Rosaline.Paton@yopmail.com,Rosaline.Paton@gmail.com,firefighter
404,Katleen,Gibbeon,Katleen.Gibbeon@yopmail.com,Katleen.Gibbeon@gmail.com,developer
405,Glenda,Hourigan,Glenda.Hourigan@yopmail.com,Glenda.Hourigan@gmail.com,police officer
406,Gusty,Yuille,Gusty.Yuille@yopmail.com,Gusty.Yuille@gmail.com,police officer
407,Jobi,Camden,Jobi.Camden@yopmail.com,Jobi.Camden@gmail.com,worker
408,Orelia,Moina,Orelia.Moina@yopmail.com,Orelia.Moina@gmail.com,firefighter
409,Ninnetta,Chesna,Ninnetta.Chesna@yopmail.com,Ninnetta.Chesna@gmail.com,developer
410,Oona,Laverne,Oona.Laverne@yopmail.com,Oona.Laverne@gmail.com,firefighter
411,Lily,Rona,Lily.Rona@yopmail.com,Lily.Rona@gmail.com,doctor
412,Moyna,Seessel,Moyna.Seessel@yopmail.com,Moyna.Seessel@gmail.com,firefighter
413,Benita,Narton,Benita.Narton@yopmail.com,Benita.Narton@gmail.com,firefighter
414,Jaime,Shuler,Jaime.Shuler@yopmail.com,Jaime.Shuler@gmail.com,worker
415,Kara-Lynn,Dituri,Kara-Lynn.Dituri@yopmail.com,Kara-Lynn.Dituri@gmail.com,firefighter
416,Kristina,Henrie,Kristina.Henrie@yopmail.com,Kristina.Henrie@gmail.com,firefighter
417,Melisent,Ledah,Melisent.Ledah@yopmail.com,Melisent.Ledah@gmail.com,police officer
418,Aryn,Hollingsworth,Aryn.Hollingsworth@yopmail.com,Aryn.Hollingsworth@gmail.com,developer
419,Cindelyn,Himelman,Cindelyn.Himelman@yopmail.com,Cindelyn.Himelman@gmail.com,worker
420,Rosaline,Wattenberg,Rosaline.Wattenberg@yopmail.com,Rosaline.Wattenberg@gmail.com,worker
421,Nessie,Wenoa,Nessie.Wenoa@yopmail.com,Nessie.Wenoa@gmail.com,worker
422,Jenilee,Cleavland,Jenilee.Cleavland@yopmail.com,Jenilee.Cleavland@gmail.com,doctor
423,Micheline,Stover,Micheline.Stover@yopmail.com,Micheline.Stover@gmail.com,firefighter
424,Sheree,Dannye,Sheree.Dannye@yopmail.com,Sheree.Dannye@gmail.com,firefighter
425,Alisha,Germann,Alisha.Germann@yopmail.com,Alisha.Germann@gmail.com,worker
426,Raf,Thunell,Raf.Thunell@yopmail.com,Raf.Thunell@gmail.com,developer
427,Bettine,Bates,Bettine.Bates@yopmail.com,Bettine.Bates@gmail.com,doctor
428,Loree,Ehrman,Loree.Ehrman@yopmail.com,Loree.Ehrman@gmail.com,developer
429,Tarra,Jess,Tarra.Jess@yopmail.com,Tarra.Jess@gmail.com,doctor
430,Kirbee,Xerxes,Kirbee.Xerxes@yopmail.com,Kirbee.Xerxes@gmail.com,police officer
431,Tierney,Stuart,Tierney.Stuart@yopmail.com,Tierney.Stuart@gmail.com,doctor
432,Jordan,Bigner,Jordan.Bigner@yopmail.com,Jordan.Bigner@gmail.com,firefighter
433,Roxane,Harriman,Roxane.Harriman@yopmail.com,Roxane.Harriman@gmail.com,doctor
434,Britte,Llovera,Britte.Llovera@yopmail.com,Britte.Llovera@gmail.com,developer
435,Tabbatha,Abernon,Tabbatha.Abernon@yopmail.com,Tabbatha.Abernon@gmail.com,worker
436,Elyssa,Iaverne,Elyssa.Iaverne@yopmail.com,Elyssa.Iaverne@gmail.com,firefighter
437,Emilia,Thornburg,Emilia.Thornburg@yopmail.com,Emilia.Thornburg@gmail.com,firefighter
438,Correy,Thema,Correy.Thema@yopmail.com,Correy.Thema@gmail.com,police officer
439,Steffane,Eben,Steffane.Eben@yopmail.com,Steffane.Eben@gmail.com,worker
440,Karlee,Uird,Karlee.Uird@yopmail.com,Karlee.Uird@gmail.com,police officer
441,Abbie,Baylor,Abbie.Baylor@yopmail.com,Abbie.Baylor@gmail.com,developer
442,Jany,Laverne,Jany.Laverne@yopmail.com,Jany.Laverne@gmail.com,developer
443,Chrystel,Pyle,Chrystel.Pyle@yopmail.com,Chrystel.Pyle@gmail.com,police officer
444,Lisette,Elvyn,Lisette.Elvyn@yopmail.com,Lisette.Elvyn@gmail.com,firefighter
445,Nananne,Rosette,Nananne.Rosette@yopmail.com,Nananne.Rosette@gmail.com,firefighter
446,Sue,Ciapas,Sue.Ciapas@yopmail.com,Sue.Ciapas@gmail.com,firefighter
447,Lacie,Darrell,Lacie.Darrell@yopmail.com,Lacie.Darrell@gmail.com,doctor
448,Anestassia,Lay,Anestassia.Lay@yopmail.com,Anestassia.Lay@gmail.com,doctor
449,Winifred,Sheng,Winifred.Sheng@yopmail.com,Winifred.Sheng@gmail.com,firefighter
450,Verla,Hepsibah,Verla.Hepsibah@yopmail.com,Verla.Hepsibah@gmail.com,police officer
451,Vevay,Diann,Vevay.Diann@yopmail.com,Vevay.Diann@gmail.com,worker
452,Eugine,Gibbeon,Eugine.Gibbeon@yopmail.com,Eugine.Gibbeon@gmail.com,police officer
453,Jobi,Sacken,Jobi.Sacken@yopmail.com,Jobi.Sacken@gmail.com,worker
454,Basia,Lory,Basia.Lory@yopmail.com,Basia.Lory@gmail.com,worker
455,Jan,Ferino,Jan.Ferino@yopmail.com,Jan.Ferino@gmail.com,firefighter
456,Darlleen,Nea,Darlleen.Nea@yopmail.com,Darlleen.Nea@gmail.com,worker
457,Bobinette,Simmonds,Bobinette.Simmonds@yopmail.com,Bobinette.Simmonds@gmail.com,worker
458,Devina,Mandler,Devina.Mandler@yopmail.com,Devina.Mandler@gmail.com,worker
459,Rori,Zaslow,Rori.Zaslow@yopmail.com,Rori.Zaslow@gmail.com,doctor
460,Allyce,Lamoree,Allyce.Lamoree@yopmail.com,Allyce.Lamoree@gmail.com,firefighter
461,Marleah,Richers,Marleah.Richers@yopmail.com,Marleah.Richers@gmail.com,firefighter
462,Jsandye,Ariella,Jsandye.Ariella@yopmail.com,Jsandye.Ariella@gmail.com,worker
463,Kore,Jenness,Kore.Jenness@yopmail.com,Kore.Jenness@gmail.com,police officer
464,Rhoda,Allina,Rhoda.Allina@yopmail.com,Rhoda.Allina@gmail.com,worker
465,Yolane,Croix,Yolane.Croix@yopmail.com,Yolane.Croix@gmail.com,worker
466,Brooks,Randene,Brooks.Randene@yopmail.com,Brooks.Randene@gmail.com,doctor
467,Ottilie,Felizio,Ottilie.Felizio@yopmail.com,Ottilie.Felizio@gmail.com,police officer
468,Nerta,Kirbee,Nerta.Kirbee@yopmail.com,Nerta.Kirbee@gmail.com,worker
469,Aimil,Eckblad,Aimil.Eckblad@yopmail.com,Aimil.Eckblad@gmail.com,doctor
470,Roberta,Kimmie,Roberta.Kimmie@yopmail.com,Roberta.Kimmie@gmail.com,developer
471,Rosene,Marden,Rosene.Marden@yopmail.com,Rosene.Marden@gmail.com,worker
472,Reeba,Kirstin,Reeba.Kirstin@yopmail.com,Reeba.Kirstin@gmail.com,doctor
473,Pearline,Anderea,Pearline.Anderea@yopmail.com,Pearline.Anderea@gmail.com,police officer
474,Lexine,Cornelia,Lexine.Cornelia@yopmail.com,Lexine.Cornelia@gmail.com,worker
475,Aurore,Pitt,Aurore.Pitt@yopmail.com,Aurore.Pitt@gmail.com,firefighter
476,Orelia,Robertson,Orelia.Robertson@yopmail.com,Orelia.Robertson@gmail.com,developer
477,Mureil,Ochs,Mureil.Ochs@yopmail.com,Mureil.Ochs@gmail.com,doctor
478,Meghann,Grobe,Meghann.Grobe@yopmail.com,Meghann.Grobe@gmail.com,worker
479,Andree,Catie,Andree.Catie@yopmail.com,Andree.Catie@gmail.com,doctor
480,Latisha,Macey,Latisha.Macey@yopmail.com,Latisha.Macey@gmail.com,police officer
481,Aigneis,Jerald,Aigneis.Jerald@yopmail.com,Aigneis.Jerald@gmail.com,firefighter
482,Juliane,Clie,Juliane.Clie@yopmail.com,Juliane.Clie@gmail.com,worker
483,Emmey,Ramona,Emmey.Ramona@yopmail.com,Emmey.Ramona@gmail.com,firefighter
484,Ada,Schwejda,Ada.Schwejda@yopmail.com,Ada.Schwejda@gmail.com,developer
485,Lulita,Hull,Lulita.Hull@yopmail.com,Lulita.Hull@gmail.com,firefighter
486,Merci,Levey,Merci.Levey@yopmail.com,Merci.Levey@gmail.com,doctor
487,Elie,Ioab,Elie.Ioab@yopmail.com,Elie.Ioab@gmail.com,worker
488,Stevana,Moina,Stevana.Moina@yopmail.com,Stevana.Moina@gmail.com,doctor
489,Dennie,Zamora,Dennie.Zamora@yopmail.com,Dennie.Zamora@gmail.com,worker
490,Ursulina,Armanda,Ursulina.Armanda@yopmail.com,Ursulina.Armanda@gmail.com,police officer
491,Sue,Raama,Sue.Raama@yopmail.com,Sue.Raama@gmail.com,worker
492,Harmonia,Phi,Harmonia.Phi@yopmail.com,Harmonia.Phi@gmail.com,doctor
493,Carilyn,Duwalt,Carilyn.Duwalt@yopmail.com,Carilyn.Duwalt@gmail.com,doctor
494,Carlie,Bach,Carlie.Bach@yopmail.com,Carlie.Bach@gmail.com,doctor
495,Clo,Ashely,Clo.Ashely@yopmail.com,Clo.Ashely@gmail.com,doctor
496,Alyda,Jarib,Alyda.Jarib@yopmail.com,Alyda.Jarib@gmail.com,developer
497,Carree,Friede,Carree.Friede@yopmail.com,Carree.Friede@gmail.com,developer
498,Kassey,Amethist,Kassey.Amethist@yopmail.com,Kassey.Amethist@gmail.com,developer
499,Carilyn,Diogenes,Carilyn.Diogenes@yopmail.com,Carilyn.Diogenes@gmail.com,worker
500,Rozele,Oneida,Rozele.Oneida@yopmail.com,Rozele.Oneida@gmail.com,doctor
501,Veda,Munn,Veda.Munn@yopmail.com,Veda.Munn@gmail.com,doctor
502,Karlee,McLaughlin,Karlee.McLaughlin@yopmail.com,Karlee.McLaughlin@gmail.com,firefighter
503,Claudina,Gladstone,Claudina.Gladstone@yopmail.com,Claudina.Gladstone@gmail.com,firefighter
504,Tonia,Corilla,Tonia.Corilla@yopmail.com,Tonia.Corilla@gmail.com,worker
505,Georgina,Earlie,Georgina.Earlie@yopmail.com,Georgina.Earlie@gmail.com,firefighter
506,Johna,Borrell,Johna.Borrell@yopmail.com,Johna.Borrell@gmail.com,doctor
507,Elyssa,Kazimir,Elyssa.Kazimir@yopmail.com,Elyssa.Kazimir@gmail.com,firefighter
508,Letizia,Westphal,Letizia.Westphal@yopmail.com,Letizia.Westphal@gmail.com,worker
509,Shaylyn,Kermit,Shaylyn.Kermit@yopmail.com,Shaylyn.Kermit@gmail.com,doctor
510,Molli,Wilkinson,Molli.Wilkinson@yopmail.com,Molli.Wilkinson@gmail.com,police officer
511,Eugine,Seessel,Eugine.Seessel@yopmail.com,Eugine.Seessel@gmail.com,worker
512,Cristabel,Devlen,Cristabel.Devlen@yopmail.com,Cristabel.Devlen@gmail.com,worker
513,Oralee,Federica,Oralee.Federica@yopmail.com,Oralee.Federica@gmail.com,doctor
514,Nessie,Wattenberg,Nessie.Wattenberg@yopmail.com,Nessie.Wattenberg@gmail.com,firefighter
515,Xylina,Byrne,Xylina.Byrne@yopmail.com,Xylina.Byrne@gmail.com,worker
516,Corry,Ranjiv,Corry.Ranjiv@yopmail.com,Corry.Ranjiv@gmail.com,firefighter
517,Paulita,Merell,Paulita.Merell@yopmail.com,Paulita.Merell@gmail.com,developer
518,Jacquetta,Sholley,Jacquetta.Sholley@yopmail.com,Jacquetta.Sholley@gmail.com,police officer
519,Hildegaard,Persse,Hildegaard.Persse@yopmail.com,Hildegaard.Persse@gmail.com,developer
520,Lucy,Adore,Lucy.Adore@yopmail.com,Lucy.Adore@gmail.com,police officer
521,Alisha,Timon,Alisha.Timon@yopmail.com,Alisha.Timon@gmail.com,doctor
522,Kaja,Newell,Kaja.Newell@yopmail.com,Kaja.Newell@gmail.com,developer
523,Cam,Damarra,Cam.Damarra@yopmail.com,Cam.Damarra@gmail.com,doctor
524,Alie,Colbert,Alie.Colbert@yopmail.com,Alie.Colbert@gmail.com,police officer
525,Cacilie,Jacobah,Cacilie.Jacobah@yopmail.com,Cacilie.Jacobah@gmail.com,doctor
526,Marnia,Voletta,Marnia.Voletta@yopmail.com,Marnia.Voletta@gmail.com,worker
527,Nannie,Cressida,Nannie.Cressida@yopmail.com,Nannie.Cressida@gmail.com,doctor
528,Shauna,Cherianne,Shauna.Cherianne@yopmail.com,Shauna.Cherianne@gmail.com,worker
529,Frieda,Joeann,Frieda.Joeann@yopmail.com,Frieda.Joeann@gmail.com,worker
530,Lolita,Marijo,Lolita.Marijo@yopmail.com,Lolita.Marijo@gmail.com,developer
531,Andree,Yam,Andree.Yam@yopmail.com,Andree.Yam@gmail.com,firefighter
532,Elora,Suanne,Elora.Suanne@yopmail.com,Elora.Suanne@gmail.com,police officer
533,Sarette,Pauly,Sarette.Pauly@yopmail.com,Sarette.Pauly@gmail.com,police officer
534,Doro,Alva,Doro.Alva@yopmail.com,Doro.Alva@gmail.com,police officer
535,Camile,Viddah,Camile.Viddah@yopmail.com,Camile.Viddah@gmail.com,police officer
536,Eolanda,Weinreb,Eolanda.Weinreb@yopmail.com,Eolanda.Weinreb@gmail.com,developer
537,Gabi,Dominy,Gabi.Dominy@yopmail.com,Gabi.Dominy@gmail.com,doctor
538,Modestia,Edison,Modestia.Edison@yopmail.com,Modestia.Edison@gmail.com,worker
539,Juliane,Marijo,Juliane.Marijo@yopmail.com,Juliane.Marijo@gmail.com,firefighter
540,Kayla,Dearborn,Kayla.Dearborn@yopmail.com,Kayla.Dearborn@gmail.com,developer
541,Leia,Hilbert,Leia.Hilbert@yopmail.com,Leia.Hilbert@gmail.com,doctor
542,Laurene,Francene,Laurene.Francene@yopmail.com,Laurene.Francene@gmail.com,doctor
543,Mallory,Narton,Mallory.Narton@yopmail.com,Mallory.Narton@gmail.com,doctor
544,Raina,Standing,Raina.Standing@yopmail.com,Raina.Standing@gmail.com,worker
545,Shirlee,Monk,Shirlee.Monk@yopmail.com,Shirlee.Monk@gmail.com,doctor
546,Demetris,Byrne,Demetris.Byrne@yopmail.com,Demetris.Byrne@gmail.com,developer
547,Alleen,Albertine,Alleen.Albertine@yopmail.com,Alleen.Albertine@gmail.com,police officer
548,Concettina,Mitzi,Concettina.Mitzi@yopmail.com,Concettina.Mitzi@gmail.com,firefighter
549,Hildegaard,Edee,Hildegaard.Edee@yopmail.com,Hildegaard.Edee@gmail.com,doctor
550,Helsa,Orlene,Helsa.Orlene@yopmail.com,Helsa.Orlene@gmail.com,police officer
551,Anthia,Wittie,Anthia.Wittie@yopmail.com,Anthia.Wittie@gmail.com,police officer
552,Ottilie,Lattie,Ottilie.Lattie@yopmail.com,Ottilie.Lattie@gmail.com,firefighter
553,Carol-Jean,Rogerio,Carol-Jean.Rogerio@yopmail.com,Carol-Jean.Rogerio@gmail.com,firefighter
554,Kate,Timon,Kate.Timon@yopmail.com,Kate.Timon@gmail.com,developer
555,Joelly,Madelene,Joelly.Madelene@yopmail.com,Joelly.Madelene@gmail.com,developer
556,Siana,Ciro,Siana.Ciro@yopmail.com,Siana.Ciro@gmail.com,developer
557,Tatiania,Sibyls,Tatiania.Sibyls@yopmail.com,Tatiania.Sibyls@gmail.com,firefighter
558,Agathe,Virgin,Agathe.Virgin@yopmail.com,Agathe.Virgin@gmail.com,firefighter
559,Ida,Paine,Ida.Paine@yopmail.com,Ida.Paine@gmail.com,police officer
560,Coral,Chapland,Coral.Chapland@yopmail.com,Coral.Chapland@gmail.com,doctor
561,Modestia,Stav,Modestia.Stav@yopmail.com,Modestia.Stav@gmail.com,worker
562,Lisette,Faria,Lisette.Faria@yopmail.com,Lisette.Faria@gmail.com,developer
563,Tonia,Hieronymus,Tonia.Hieronymus@yopmail.com,Tonia.Hieronymus@gmail.com,developer
564,Marnia,Zenas,Marnia.Zenas@yopmail.com,Marnia.Zenas@gmail.com,developer
565,Grier,Libna,Grier.Libna@yopmail.com,Grier.Libna@gmail.com,police officer
566,Jeanna,Peg,Jeanna.Peg@yopmail.com,Jeanna.Peg@gmail.com,developer
567,Minne,Goerke,Minne.Goerke@yopmail.com,Minne.Goerke@gmail.com,developer
568,Bee,Phi,Bee.Phi@yopmail.com,Bee.Phi@gmail.com,worker
569,Celene,Susannah,Celene.Susannah@yopmail.com,Celene.Susannah@gmail.com,doctor
570,Inga,Eliathas,Inga.Eliathas@yopmail.com,Inga.Eliathas@gmail.com,firefighter
571,Joane,Telfer,Joane.Telfer@yopmail.com,Joane.Telfer@gmail.com,developer
572,Sophia,Tufts,Sophia.Tufts@yopmail.com,Sophia.Tufts@gmail.com,developer
573,Kylynn,Schroth,Kylynn.Schroth@yopmail.com,Kylynn.Schroth@gmail.com,police officer
574,Judy,Stilwell,Judy.Stilwell@yopmail.com,Judy.Stilwell@gmail.com,developer
575,Helsa,Lilybelle,Helsa.Lilybelle@yopmail.com,Helsa.Lilybelle@gmail.com,police officer
576,Fanchon,Euridice,Fanchon.Euridice@yopmail.com,Fanchon.Euridice@gmail.com,doctor
577,Fernande,Joli,Fernande.Joli@yopmail.com,Fernande.Joli@gmail.com,firefighter
578,Kathy,Fink,Kathy.Fink@yopmail.com,Kathy.Fink@gmail.com,developer
579,Cyb,Hanleigh,Cyb.Hanleigh@yopmail.com,Cyb.Hanleigh@gmail.com,worker
580,Brooks,Chobot,Brooks.Chobot@yopmail.com,Brooks.Chobot@gmail.com,doctor
581,Janis,Borrell,Janis.Borrell@yopmail.com,Janis.Borrell@gmail.com,firefighter
582,Millie,Shelba,Millie.Shelba@yopmail.com,Millie.Shelba@gmail.com,doctor
583,Christy,Casimir,Christy.Casimir@yopmail.com,Christy.Casimir@gmail.com,developer
584,Dominga,Capello,Dominga.Capello@yopmail.com,Dominga.Capello@gmail.com,developer
585,Rosabelle,Blake,Rosabelle.Blake@yopmail.com,Rosabelle.Blake@gmail.com,developer
586,Adriana,Thad,Adriana.Thad@yopmail.com,Adriana.Thad@gmail.com,firefighter
587,Sonni,Fax,Sonni.Fax@yopmail.com,Sonni.Fax@gmail.com,doctor
588,Thalia,Cherianne,Thalia.Cherianne@yopmail.com,Thalia.Cherianne@gmail.com,doctor
589,Bill,Hewitt,Bill.Hewitt@yopmail.com,Bill.Hewitt@gmail.com,developer
590,Britni,Idelia,Britni.Idelia@yopmail.com,Britni.Idelia@gmail.com,worker
591,Marika,Tyson,Marika.Tyson@yopmail.com,Marika.Tyson@gmail.com,police officer
592,Karolina,Sinegold,Karolina.Sinegold@yopmail.com,Karolina.Sinegold@gmail.com,developer
593,Janis,Saint,Janis.Saint@yopmail.com,Janis.Saint@gmail.com,firefighter
594,Deane,Melony,Deane.Melony@yopmail.com,Deane.Melony@gmail.com,firefighter
595,Annice,Merriott,Annice.Merriott@yopmail.com,Annice.Merriott@gmail.com,developer
596,Jessy,Bohlin,Jessy.Bohlin@yopmail.com,Jessy.Bohlin@gmail.com,developer
597,Yvonne,Baudin,Yvonne.Baudin@yopmail.com,Yvonne.Baudin@gmail.com,developer
598,Rori,Carlson,Rori.Carlson@yopmail.com,Rori.Carlson@gmail.com,police officer
599,Zsa Zsa,Saint,Zsa Zsa.Saint@yopmail.com,Zsa Zsa.Saint@gmail.com,doctor
600,Kylynn,Sidonius,Kylynn.Sidonius@yopmail.com,Kylynn.Sidonius@gmail.com,doctor
601,Karina,Anselmi,Karina.Anselmi@yopmail.com,Karina.Anselmi@gmail.com,developer
602,Trudie,Havens,Trudie.Havens@yopmail.com,Trudie.Havens@gmail.com,worker
603,Nelle,Connelly,Nelle.Connelly@yopmail.com,Nelle.Connelly@gmail.com,developer
604,Iseabal,Yerkovich,Iseabal.Yerkovich@yopmail.com,Iseabal.Yerkovich@gmail.com,worker
605,Melisent,Cimbura,Melisent.Cimbura@yopmail.com,Melisent.Cimbura@gmail.com,doctor
606,Nannie,Isacco,Nannie.Isacco@yopmail.com,Nannie.Isacco@gmail.com,developer
607,Britni,Campball,Britni.Campball@yopmail.com,Britni.Campball@gmail.com,police officer
608,Sarette,Jammal,Sarette.Jammal@yopmail.com,Sarette.Jammal@gmail.com,worker
609,Modestia,Larochelle,Modestia.Larochelle@yopmail.com,Modestia.Larochelle@gmail.com,police officer
610,Frank,Emanuel,Frank.Emanuel@yopmail.com,Frank.Emanuel@gmail.com,doctor
611,Deloria,Sasnett,Deloria.Sasnett@yopmail.com,Deloria.Sasnett@gmail.com,worker
612,Stacey,Libna,Stacey.Libna@yopmail.com,Stacey.Libna@gmail.com,doctor
613,Carlie,Emmaline,Carlie.Emmaline@yopmail.com,Carlie.Emmaline@gmail.com,worker
614,Janenna,Haymes,Janenna.Haymes@yopmail.com,Janenna.Haymes@gmail.com,firefighter
615,Devina,Leffen,Devina.Leffen@yopmail.com,Devina.Leffen@gmail.com,firefighter
616,Loree,Rubie,Loree.Rubie@yopmail.com,Loree.Rubie@gmail.com,police officer
617,Alia,Chapland,Alia.Chapland@yopmail.com,Alia.Chapland@gmail.com,developer
618,Roz,Bari,Roz.Bari@yopmail.com,Roz.Bari@gmail.com,developer
619,Blondelle,Moina,Blondelle.Moina@yopmail.com,Blondelle.Moina@gmail.com,police officer
620,Lucy,Levey,Lucy.Levey@yopmail.com,Lucy.Levey@gmail.com,doctor
621,Edee,Florina,Edee.Florina@yopmail.com,Edee.Florina@gmail.com,worker
622,Heddie,Kellby,Heddie.Kellby@yopmail.com,Heddie.Kellby@gmail.com,firefighter
623,Randa,Jacobah,Randa.Jacobah@yopmail.com,Randa.Jacobah@gmail.com,police officer
624,Rochette,Fitzsimmons,Rochette.Fitzsimmons@yopmail.com,Rochette.Fitzsimmons@gmail.com,worker
625,Dacia,Georas,Dacia.Georas@yopmail.com,Dacia.Georas@gmail.com,doctor
626,Bertine,Gibbeon,Bertine.Gibbeon@yopmail.com,Bertine.Gibbeon@gmail.com,police officer
627,Jasmina,Alice,Jasmina.Alice@yopmail.com,Jasmina.Alice@gmail.com,doctor
628,Sherrie,Hewitt,Sherrie.Hewitt@yopmail.com,Sherrie.Hewitt@gmail.com,police officer
629,Bertine,Jalbert,Bertine.Jalbert@yopmail.com,Bertine.Jalbert@gmail.com,worker
630,Binny,Ledah,Binny.Ledah@yopmail.com,Binny.Ledah@gmail.com,police officer
631,Vere,Shelba,Vere.Shelba@yopmail.com,Vere.Shelba@gmail.com,doctor
632,Kirstin,Strephon,Kirstin.Strephon@yopmail.com,Kirstin.Strephon@gmail.com,doctor
633,Kerrin,Candy,Kerrin.Candy@yopmail.com,Kerrin.Candy@gmail.com,worker
634,Inga,Connelly,Inga.Connelly@yopmail.com,Inga.Connelly@gmail.com,doctor
635,Sharlene,Alarise,Sharlene.Alarise@yopmail.com,Sharlene.Alarise@gmail.com,police officer
636,Frieda,Croix,Frieda.Croix@yopmail.com,Frieda.Croix@gmail.com,worker
637,Orsola,Dyche,Orsola.Dyche@yopmail.com,Orsola.Dyche@gmail.com,developer
638,Jacquetta,Hepsibah,Jacquetta.Hepsibah@yopmail.com,Jacquetta.Hepsibah@gmail.com,developer
639,Frances,Pattin,Frances.Pattin@yopmail.com,Frances.Pattin@gmail.com,police officer
640,Susette,Sasnett,Susette.Sasnett@yopmail.com,Susette.Sasnett@gmail.com,worker
641,Dode,Bouchard,Dode.Bouchard@yopmail.com,Dode.Bouchard@gmail.com,doctor
642,Henriette,O'Neill,Henriette.O'Neill@yopmail.com,Henriette.O'Neill@gmail.com,doctor
643,Caritta,Smitt,Caritta.Smitt@yopmail.com,Caritta.Smitt@gmail.com,doctor
644,Joy,Septima,Joy.Septima@yopmail.com,Joy.Septima@gmail.com,developer
645,Therine,Pierette,Therine.Pierette@yopmail.com,Therine.Pierette@gmail.com,firefighter
646,Vere,Pillsbury,Vere.Pillsbury@yopmail.com,Vere.Pillsbury@gmail.com,worker
647,Addia,Roscoe,Addia.Roscoe@yopmail.com,Addia.Roscoe@gmail.com,police officer
648,Winny,Olympium,Winny.Olympium@yopmail.com,Winny.Olympium@gmail.com,developer
649,Helsa,Hanshaw,Helsa.Hanshaw@yopmail.com,Helsa.Hanshaw@gmail.com,developer
650,Deloria,Rona,Deloria.Rona@yopmail.com,Deloria.Rona@gmail.com,doctor
651,Debee,Dunkin,Debee.Dunkin@yopmail.com,Debee.Dunkin@gmail.com,developer
652,Lanae,Dreda,Lanae.Dreda@yopmail.com,Lanae.Dreda@gmail.com,doctor
653,Candy,Lunsford,Candy.Lunsford@yopmail.com,Candy.Lunsford@gmail.com,developer
654,Julieta,Shields,Julieta.Shields@yopmail.com,Julieta.Shields@gmail.com,firefighter
655,Alexine,Ietta,Alexine.Ietta@yopmail.com,Alexine.Ietta@gmail.com,firefighter
656,Bernardine,Fiann,Bernardine.Fiann@yopmail.com,Bernardine.Fiann@gmail.com,doctor
657,Farrah,Heidt,Farrah.Heidt@yopmail.com,Farrah.Heidt@gmail.com,worker
658,Kate,Aurelio,Kate.Aurelio@yopmail.com,Kate.Aurelio@gmail.com,police officer
659,Cacilie,Bergman,Cacilie.Bergman@yopmail.com,Cacilie.Bergman@gmail.com,firefighter
660,Lilith,Joni,Lilith.Joni@yopmail.com,Lilith.Joni@gmail.com,developer
661,Alameda,Quinn,Alameda.Quinn@yopmail.com,Alameda.Quinn@gmail.com,developer
662,Elmira,Hewitt,Elmira.Hewitt@yopmail.com,Elmira.Hewitt@gmail.com,doctor
663,Margalo,Guildroy,Margalo.Guildroy@yopmail.com,Margalo.Guildroy@gmail.com,doctor
664,Yolane,Jess,Yolane.Jess@yopmail.com,Yolane.Jess@gmail.com,developer
665,Ronna,Bigner,Ronna.Bigner@yopmail.com,Ronna.Bigner@gmail.com,developer
666,Allis,Mayeda,Allis.Mayeda@yopmail.com,Allis.Mayeda@gmail.com,developer
667,Layla,Odell,Layla.Odell@yopmail.com,Layla.Odell@gmail.com,developer
668,Letizia,Goddard,Letizia.Goddard@yopmail.com,Letizia.Goddard@gmail.com,developer
669,Edyth,Milde,Edyth.Milde@yopmail.com,Edyth.Milde@gmail.com,police officer
670,Madalyn,Levey,Madalyn.Levey@yopmail.com,Madalyn.Levey@gmail.com,developer
671,Chloris,Raseda,Chloris.Raseda@yopmail.com,Chloris.Raseda@gmail.com,firefighter
672,Cindelyn,Noam,Cindelyn.Noam@yopmail.com,Cindelyn.Noam@gmail.com,firefighter
673,Molli,Hylan,Molli.Hylan@yopmail.com,Molli.Hylan@gmail.com,doctor
674,Carly,Wooster,Carly.Wooster@yopmail.com,Carly.Wooster@gmail.com,police officer
675,Dede,Kesley,Dede.Kesley@yopmail.com,Dede.Kesley@gmail.com,firefighter
676,Aubrie,Birdella,Aubrie.Birdella@yopmail.com,Aubrie.Birdella@gmail.com,doctor
677,Vivia,Harned,Vivia.Harned@yopmail.com,Vivia.Harned@gmail.com,worker
678,Basia,Anis,Basia.Anis@yopmail.com,Basia.Anis@gmail.com,worker
679,Karina,Charity,Karina.Charity@yopmail.com,Karina.Charity@gmail.com,doctor
680,Rhoda,Denis,Rhoda.Denis@yopmail.com,Rhoda.Denis@gmail.com,doctor
681,Johna,Kamaria,Johna.Kamaria@yopmail.com,Johna.Kamaria@gmail.com,worker
682,Britni,Hilbert,Britni.Hilbert@yopmail.com,Britni.Hilbert@gmail.com,worker
683,Lesly,Stoller,Lesly.Stoller@yopmail.com,Lesly.Stoller@gmail.com,police officer
684,Rochette,Middleton,Rochette.Middleton@yopmail.com,Rochette.Middleton@gmail.com,worker
685,Sissy,Fancie,Sissy.Fancie@yopmail.com,Sissy.Fancie@gmail.com,police officer
686,Ezmeralda,Dielu,Ezmeralda.Dielu@yopmail.com,Ezmeralda.Dielu@gmail.com,doctor
687,Lonnie,Xerxes,Lonnie.Xerxes@yopmail.com,Lonnie.Xerxes@gmail.com,doctor
688,Annaliese,Fennessy,Annaliese.Fennessy@yopmail.com,Annaliese.Fennessy@gmail.com,worker
689,Lorie,Magnolia,Lorie.Magnolia@yopmail.com,Lorie.Magnolia@gmail.com,worker
690,Marylou,Dalli,Marylou.Dalli@yopmail.com,Marylou.Dalli@gmail.com,developer
691,Roslyn,Toni,Roslyn.Toni@yopmail.com,Roslyn.Toni@gmail.com,doctor
692,Valli,Schenck,Valli.Schenck@yopmail.com,Valli.Schenck@gmail.com,firefighter
693,Coral,Dunkin,Coral.Dunkin@yopmail.com,Coral.Dunkin@gmail.com,firefighter
694,Carmela,Bouchard,Carmela.Bouchard@yopmail.com,Carmela.Bouchard@gmail.com,worker
695,Valera,Holbrook,Valera.Holbrook@yopmail.com,Valera.Holbrook@gmail.com,worker
696,Jaclyn,Elo,Jaclyn.Elo@yopmail.com,Jaclyn.Elo@gmail.com,worker
697,Lynnea,Oriana,Lynnea.Oriana@yopmail.com,Lynnea.Oriana@gmail.com,doctor
698,Petronia,Ajay,Petronia.Ajay@yopmail.com,Petronia.Ajay@gmail.com,developer
699,Meg,Ardra,Meg.Ardra@yopmail.com,Meg.Ardra@gmail.com,firefighter
700,Rosabelle,Dosia,Rosabelle.Dosia@yopmail.com,Rosabelle.Dosia@gmail.com,worker
701,Chloris,Bobbee,Chloris.Bobbee@yopmail.com,Chloris.Bobbee@gmail.com,developer
702,Sibella,Olin,Sibella.Olin@yopmail.com,Sibella.Olin@gmail.com,worker
703,Christian,Nickola,Christian.Nickola@yopmail.com,Christian.Nickola@gmail.com,firefighter
704,Cordi,Decato,Cordi.Decato@yopmail.com,Cordi.Decato@gmail.com,developer
705,Sadie,Fairweather,Sadie.Fairweather@yopmail.com,Sadie.Fairweather@gmail.com,worker
706,Evita,Thomasina,Evita.Thomasina@yopmail.com,Evita.Thomasina@gmail.com,worker
707,Nollie,Egbert,Nollie.Egbert@yopmail.com,Nollie.Egbert@gmail.com,firefighter
708,Modestia,Isidore,Modestia.Isidore@yopmail.com,Modestia.Isidore@gmail.com,firefighter
709,Wilma,Daniele,Wilma.Daniele@yopmail.com,Wilma.Daniele@gmail.com,worker
710,Barbara,Rillings,Barbara.Rillings@yopmail.com,Barbara.Rillings@gmail.com,police officer
711,Olivette,Berl,Olivette.Berl@yopmail.com,Olivette.Berl@gmail.com,worker
712,Jaime,Meli,Jaime.Meli@yopmail.com,Jaime.Meli@gmail.com,doctor
713,Steffane,Emerson,Steffane.Emerson@yopmail.com,Steffane.Emerson@gmail.com,developer
714,Georgetta,Urias,Georgetta.Urias@yopmail.com,Georgetta.Urias@gmail.com,police officer
715,Stephanie,Goldina,Stephanie.Goldina@yopmail.com,Stephanie.Goldina@gmail.com,firefighter
716,Aurore,Tremayne,Aurore.Tremayne@yopmail.com,Aurore.Tremayne@gmail.com,worker
717,Tera,Kylander,Tera.Kylander@yopmail.com,Tera.Kylander@gmail.com,firefighter
718,Ebonee,Nikaniki,Ebonee.Nikaniki@yopmail.com,Ebonee.Nikaniki@gmail.com,firefighter
719,Shaylyn,Tice,Shaylyn.Tice@yopmail.com,Shaylyn.Tice@gmail.com,firefighter
720,Concettina,Adrienne,Concettina.Adrienne@yopmail.com,Concettina.Adrienne@gmail.com,worker
721,Tarra,Gerge,Tarra.Gerge@yopmail.com,Tarra.Gerge@gmail.com,firefighter
722,Jenda,Saree,Jenda.Saree@yopmail.com,Jenda.Saree@gmail.com,firefighter
723,Trixi,Fredi,Trixi.Fredi@yopmail.com,Trixi.Fredi@gmail.com,police officer
724,Steffane,Soneson,Steffane.Soneson@yopmail.com,Steffane.Soneson@gmail.com,doctor
725,Brana,Haymes,Brana.Haymes@yopmail.com,Brana.Haymes@gmail.com,police officer
726,Marti,Halla,Marti.Halla@yopmail.com,Marti.Halla@gmail.com,worker
727,Elvira,Madelene,Elvira.Madelene@yopmail.com,Elvira.Madelene@gmail.com,developer
728,Sindee,Rossner,Sindee.Rossner@yopmail.com,Sindee.Rossner@gmail.com,doctor
729,Lucille,Corrine,Lucille.Corrine@yopmail.com,Lucille.Corrine@gmail.com,developer
730,Cherilyn,Brodench,Cherilyn.Brodench@yopmail.com,Cherilyn.Brodench@gmail.com,police officer
731,Dolli,Shields,Dolli.Shields@yopmail.com,Dolli.Shields@gmail.com,doctor
732,Phylis,Corrine,Phylis.Corrine@yopmail.com,Phylis.Corrine@gmail.com,doctor
733,Lynde,Chem,Lynde.Chem@yopmail.com,Lynde.Chem@gmail.com,developer
734,Leanna,Taima,Leanna.Taima@yopmail.com,Leanna.Taima@gmail.com,police officer
735,Latisha,Slifka,Latisha.Slifka@yopmail.com,Latisha.Slifka@gmail.com,doctor
736,Fayre,Ethban,Fayre.Ethban@yopmail.com,Fayre.Ethban@gmail.com,police officer
737,Noelle,Kress,Noelle.Kress@yopmail.com,Noelle.Kress@gmail.com,police officer
738,Jany,Ralfston,Jany.Ralfston@yopmail.com,Jany.Ralfston@gmail.com,doctor
739,Marguerite,Alexandr,Marguerite.Alexandr@yopmail.com,Marguerite.Alexandr@gmail.com,firefighter
740,Nyssa,Hourigan,Nyssa.Hourigan@yopmail.com,Nyssa.Hourigan@gmail.com,developer
741,Jolyn,Hylan,Jolyn.Hylan@yopmail.com,Jolyn.Hylan@gmail.com,developer
742,Janenna,Saree,Janenna.Saree@yopmail.com,Janenna.Saree@gmail.com,developer
743,Lisette,Kinnard,Lisette.Kinnard@yopmail.com,Lisette.Kinnard@gmail.com,developer
744,Lelah,Amethist,Lelah.Amethist@yopmail.com,Lelah.Amethist@gmail.com,police officer
745,Bobbi,Alwin,Bobbi.Alwin@yopmail.com,Bobbi.Alwin@gmail.com,police officer
746,Benita,Teryn,Benita.Teryn@yopmail.com,Benita.Teryn@gmail.com,police officer
747,Tori,LaRue,Tori.LaRue@yopmail.com,Tori.LaRue@gmail.com,worker
748,Zia,Lasley,Zia.Lasley@yopmail.com,Zia.Lasley@gmail.com,firefighter
749,Kamilah,Hubert,Kamilah.Hubert@yopmail.com,Kamilah.Hubert@gmail.com,doctor
750,Merci,Baylor,Merci.Baylor@yopmail.com,Merci.Baylor@gmail.com,police officer
751,Deirdre,Devlen,Deirdre.Devlen@yopmail.com,Deirdre.Devlen@gmail.com,developer
752,Brandise,Sholley,Brandise.Sholley@yopmail.com,Brandise.Sholley@gmail.com,doctor
753,Wanda,Niccolo,Wanda.Niccolo@yopmail.com,Wanda.Niccolo@gmail.com,worker
754,Fayre,Mathilde,Fayre.Mathilde@yopmail.com,Fayre.Mathilde@gmail.com,developer
755,Minne,Vilma,Minne.Vilma@yopmail.com,Minne.Vilma@gmail.com,developer
756,Aimil,Federica,Aimil.Federica@yopmail.com,Aimil.Federica@gmail.com,developer
757,Bee,Evangelia,Bee.Evangelia@yopmail.com,Bee.Evangelia@gmail.com,developer
758,Konstance,Ahab,Konstance.Ahab@yopmail.com,Konstance.Ahab@gmail.com,worker
759,Cathie,Albertine,Cathie.Albertine@yopmail.com,Cathie.Albertine@gmail.com,firefighter
760,Aubrie,Reneta,Aubrie.Reneta@yopmail.com,Aubrie.Reneta@gmail.com,worker
761,Gale,Klotz,Gale.Klotz@yopmail.com,Gale.Klotz@gmail.com,worker
762,Vanessa,Kelula,Vanessa.Kelula@yopmail.com,Vanessa.Kelula@gmail.com,doctor
763,Kristina,Engdahl,Kristina.Engdahl@yopmail.com,Kristina.Engdahl@gmail.com,police officer
764,Arlina,Jotham,Arlina.Jotham@yopmail.com,Arlina.Jotham@gmail.com,firefighter
765,Adelle,Maiah,Adelle.Maiah@yopmail.com,Adelle.Maiah@gmail.com,firefighter
766,Carolina,Cath,Carolina.Cath@yopmail.com,Carolina.Cath@gmail.com,doctor
767,Esmeralda,Ailyn,Esmeralda.Ailyn@yopmail.com,Esmeralda.Ailyn@gmail.com,doctor
768,Philis,Hubert,Philis.Hubert@yopmail.com,Philis.Hubert@gmail.com,doctor
769,Benita,Howlyn,Benita.Howlyn@yopmail.com,Benita.Howlyn@gmail.com,firefighter
770,Kimmy,Hillel,Kimmy.Hillel@yopmail.com,Kimmy.Hillel@gmail.com,doctor
771,Roslyn,Destinee,Roslyn.Destinee@yopmail.com,Roslyn.Destinee@gmail.com,worker
772,Corene,Delila,Corene.Delila@yopmail.com,Corene.Delila@gmail.com,developer
773,Marika,Ax,Marika.Ax@yopmail.com,Marika.Ax@gmail.com,doctor
774,Vita,Bluh,Vita.Bluh@yopmail.com,Vita.Bluh@gmail.com,worker
775,Alyssa,Adamsen,Alyssa.Adamsen@yopmail.com,Alyssa.Adamsen@gmail.com,firefighter
776,Ariela,Matthew,Ariela.Matthew@yopmail.com,Ariela.Matthew@gmail.com,doctor
777,Lusa,Sperling,Lusa.Sperling@yopmail.com,Lusa.Sperling@gmail.com,worker
778,Drucie,Sinegold,Drucie.Sinegold@yopmail.com,Drucie.Sinegold@gmail.com,doctor
779,Brynna,Ralfston,Brynna.Ralfston@yopmail.com,Brynna.Ralfston@gmail.com,worker
780,Kristan,Fink,Kristan.Fink@yopmail.com,Kristan.Fink@gmail.com,police officer
781,Celisse,Sisile,Celisse.Sisile@yopmail.com,Celisse.Sisile@gmail.com,worker
782,Karina,Yorick,Karina.Yorick@yopmail.com,Karina.Yorick@gmail.com,firefighter
783,Therine,Federica,Therine.Federica@yopmail.com,Therine.Federica@gmail.com,police officer
784,Vevay,Toni,Vevay.Toni@yopmail.com,Vevay.Toni@gmail.com,developer
785,Deloria,Kelula,Deloria.Kelula@yopmail.com,Deloria.Kelula@gmail.com,developer
786,Nickie,Vastah,Nickie.Vastah@yopmail.com,Nickie.Vastah@gmail.com,worker
787,Jacenta,Halsey,Jacenta.Halsey@yopmail.com,Jacenta.Halsey@gmail.com,developer
788,Melodie,Diogenes,Melodie.Diogenes@yopmail.com,Melodie.Diogenes@gmail.com,firefighter
789,Johna,Fredi,Johna.Fredi@yopmail.com,Johna.Fredi@gmail.com,firefighter
790,Nita,Ramona,Nita.Ramona@yopmail.com,Nita.Ramona@gmail.com,police officer
791,Dulce,Alcott,Dulce.Alcott@yopmail.com,Dulce.Alcott@gmail.com,doctor
792,Wileen,Karl,Wileen.Karl@yopmail.com,Wileen.Karl@gmail.com,police officer
793,Danika,Lipson,Danika.Lipson@yopmail.com,Danika.Lipson@gmail.com,firefighter
794,Beth,Phi,Beth.Phi@yopmail.com,Beth.Phi@gmail.com,police officer
795,Sheree,Stoller,Sheree.Stoller@yopmail.com,Sheree.Stoller@gmail.com,developer
796,Sibella,Dannye,Sibella.Dannye@yopmail.com,Sibella.Dannye@gmail.com,doctor
797,Lanna,Ursulette,Lanna.Ursulette@yopmail.com,Lanna.Ursulette@gmail.com,doctor
798,Helena,Erb,Helena.Erb@yopmail.com,Helena.Erb@gmail.com,worker
799,Alleen,Moseley,Alleen.Moseley@yopmail.com,Alleen.Moseley@gmail.com,developer
800,Marguerite,Emmy,Marguerite.Emmy@yopmail.com,Marguerite.Emmy@gmail.com,worker
801,Verla,Ietta,Verla.Ietta@yopmail.com,Verla.Ietta@gmail.com,worker
802,Aubrie,Atcliffe,Aubrie.Atcliffe@yopmail.com,Aubrie.Atcliffe@gmail.com,firefighter
803,Jorry,Bouchard,Jorry.Bouchard@yopmail.com,Jorry.Bouchard@gmail.com,developer
804,Lynnea,Colp,Lynnea.Colp@yopmail.com,Lynnea.Colp@gmail.com,firefighter
805,Micheline,Alejoa,Micheline.Alejoa@yopmail.com,Micheline.Alejoa@gmail.com,doctor
806,Kamilah,Jalbert,Kamilah.Jalbert@yopmail.com,Kamilah.Jalbert@gmail.com,doctor
807,Damaris,Howlyn,Damaris.Howlyn@yopmail.com,Damaris.Howlyn@gmail.com,firefighter
808,Melodie,Syd,Melodie.Syd@yopmail.com,Melodie.Syd@gmail.com,doctor
809,Lisette,Bearnard,Lisette.Bearnard@yopmail.com,Lisette.Bearnard@gmail.com,police officer
810,Jaclyn,Fancie,Jaclyn.Fancie@yopmail.com,Jaclyn.Fancie@gmail.com,doctor
811,Katleen,Ahab,Katleen.Ahab@yopmail.com,Katleen.Ahab@gmail.com,police officer
812,Kelly,Garbe,Kelly.Garbe@yopmail.com,Kelly.Garbe@gmail.com,developer
813,Tracey,Barrus,Tracey.Barrus@yopmail.com,Tracey.Barrus@gmail.com,worker
814,Abbie,Marijo,Abbie.Marijo@yopmail.com,Abbie.Marijo@gmail.com,developer
815,Fayre,Elephus,Fayre.Elephus@yopmail.com,Fayre.Elephus@gmail.com,police officer
816,Edith,Amadas,Edith.Amadas@yopmail.com,Edith.Amadas@gmail.com,developer
817,Roz,Donell,Roz.Donell@yopmail.com,Roz.Donell@gmail.com,doctor
818,Jackie,Phaidra,Jackie.Phaidra@yopmail.com,Jackie.Phaidra@gmail.com,worker
819,Alejandra,Azeria,Alejandra.Azeria@yopmail.com,Alejandra.Azeria@gmail.com,doctor
820,Teriann,Kevon,Teriann.Kevon@yopmail.com,Teriann.Kevon@gmail.com,police officer
821,Ira,Mallon,Ira.Mallon@yopmail.com,Ira.Mallon@gmail.com,police officer
822,Joelly,Karna,Joelly.Karna@yopmail.com,Joelly.Karna@gmail.com,doctor
823,Molli,Libna,Molli.Libna@yopmail.com,Molli.Libna@gmail.com,developer
824,Abbie,Adlare,Abbie.Adlare@yopmail.com,Abbie.Adlare@gmail.com,developer
825,Tatiania,Blisse,Tatiania.Blisse@yopmail.com,Tatiania.Blisse@gmail.com,worker
826,Lonnie,Cloris,Lonnie.Cloris@yopmail.com,Lonnie.Cloris@gmail.com,firefighter
827,Rori,Dom,Rori.Dom@yopmail.com,Rori.Dom@gmail.com,police officer
828,Anthia,Liva,Anthia.Liva@yopmail.com,Anthia.Liva@gmail.com,police officer
829,Kimmy,Mintz,Kimmy.Mintz@yopmail.com,Kimmy.Mintz@gmail.com,developer
830,Natka,Belldas,Natka.Belldas@yopmail.com,Natka.Belldas@gmail.com,worker
831,Sharai,Kenwood,Sharai.Kenwood@yopmail.com,Sharai.Kenwood@gmail.com,firefighter
832,Miquela,Leffen,Miquela.Leffen@yopmail.com,Miquela.Leffen@gmail.com,worker
833,Esmeralda,Rudolph,Esmeralda.Rudolph@yopmail.com,Esmeralda.Rudolph@gmail.com,firefighter
834,Ardeen,Podvin,Ardeen.Podvin@yopmail.com,Ardeen.Podvin@gmail.com,doctor
835,Gretal,Amadas,Gretal.Amadas@yopmail.com,Gretal.Amadas@gmail.com,police officer
836,Cristabel,Carey,Cristabel.Carey@yopmail.com,Cristabel.Carey@gmail.com,worker
837,Gertrud,McGrody,Gertrud.McGrody@yopmail.com,Gertrud.McGrody@gmail.com,doctor
838,Wendi,Docilla,Wendi.Docilla@yopmail.com,Wendi.Docilla@gmail.com,police officer
839,Ketti,Ethban,Ketti.Ethban@yopmail.com,Ketti.Ethban@gmail.com,police officer
840,Celisse,Berl,Celisse.Berl@yopmail.com,Celisse.Berl@gmail.com,developer
841,Gerianna,Billye,Gerianna.Billye@yopmail.com,Gerianna.Billye@gmail.com,worker
842,Selia,Casimir,Selia.Casimir@yopmail.com,Selia.Casimir@gmail.com,worker
843,Shannah,Goode,Shannah.Goode@yopmail.com,Shannah.Goode@gmail.com,worker
844,Alyssa,Norvol,Alyssa.Norvol@yopmail.com,Alyssa.Norvol@gmail.com,worker
845,Lilith,Korey,Lilith.Korey@yopmail.com,Lilith.Korey@gmail.com,developer
846,Fina,Gino,Fina.Gino@yopmail.com,Fina.Gino@gmail.com,doctor
847,Esmeralda,Dulciana,Esmeralda.Dulciana@yopmail.com,Esmeralda.Dulciana@gmail.com,firefighter
848,Esmeralda,Oster,Esmeralda.Oster@yopmail.com,Esmeralda.Oster@gmail.com,firefighter
849,Adore,August,Adore.August@yopmail.com,Adore.August@gmail.com,worker
850,Raquela,Lauraine,Raquela.Lauraine@yopmail.com,Raquela.Lauraine@gmail.com,firefighter
851,Angela,Shanley,Angela.Shanley@yopmail.com,Angela.Shanley@gmail.com,firefighter
852,Tori,Himelman,Tori.Himelman@yopmail.com,Tori.Himelman@gmail.com,worker
853,Madeleine,Madaih,Madeleine.Madaih@yopmail.com,Madeleine.Madaih@gmail.com,firefighter
854,Christal,Docilla,Christal.Docilla@yopmail.com,Christal.Docilla@gmail.com,doctor
855,Inga,Silvan,Inga.Silvan@yopmail.com,Inga.Silvan@gmail.com,doctor
856,Inga,Secrest,Inga.Secrest@yopmail.com,Inga.Secrest@gmail.com,police officer
857,Dulce,Shelba,Dulce.Shelba@yopmail.com,Dulce.Shelba@gmail.com,worker
858,Coral,Cullin,Coral.Cullin@yopmail.com,Coral.Cullin@gmail.com,firefighter
859,Lauryn,Brenn,Lauryn.Brenn@yopmail.com,Lauryn.Brenn@gmail.com,developer
860,Roz,Edee,Roz.Edee@yopmail.com,Roz.Edee@gmail.com,developer
861,Darlleen,Hylan,Darlleen.Hylan@yopmail.com,Darlleen.Hylan@gmail.com,developer
862,Carmela,August,Carmela.August@yopmail.com,Carmela.August@gmail.com,firefighter
863,Nataline,Mayeda,Nataline.Mayeda@yopmail.com,Nataline.Mayeda@gmail.com,worker
864,Robbi,Suzetta,Robbi.Suzetta@yopmail.com,Robbi.Suzetta@gmail.com,doctor
865,Arabel,Ailyn,Arabel.Ailyn@yopmail.com,Arabel.Ailyn@gmail.com,doctor
866,Damaris,Gregrory,Damaris.Gregrory@yopmail.com,Damaris.Gregrory@gmail.com,doctor
867,Netty,Konyn,Netty.Konyn@yopmail.com,Netty.Konyn@gmail.com,worker
868,Flory,Kirbee,Flory.Kirbee@yopmail.com,Flory.Kirbee@gmail.com,firefighter
869,Ezmeralda,Wandie,Ezmeralda.Wandie@yopmail.com,Ezmeralda.Wandie@gmail.com,firefighter
870,Kimberley,Vharat,Kimberley.Vharat@yopmail.com,Kimberley.Vharat@gmail.com,police officer
871,Maryellen,Tryck,Maryellen.Tryck@yopmail.com,Maryellen.Tryck@gmail.com,doctor
872,Arlena,Trinetta,Arlena.Trinetta@yopmail.com,Arlena.Trinetta@gmail.com,developer
873,Selma,Toffic,Selma.Toffic@yopmail.com,Selma.Toffic@gmail.com,developer
874,Laure,Milson,Laure.Milson@yopmail.com,Laure.Milson@gmail.com,developer
875,Jenda,Berne,Jenda.Berne@yopmail.com,Jenda.Berne@gmail.com,developer
876,Tonia,Idelia,Tonia.Idelia@yopmail.com,Tonia.Idelia@gmail.com,doctor
877,Ileana,Sacken,Ileana.Sacken@yopmail.com,Ileana.Sacken@gmail.com,police officer
878,Meghann,Kress,Meghann.Kress@yopmail.com,Meghann.Kress@gmail.com,firefighter
879,Phedra,Nikaniki,Phedra.Nikaniki@yopmail.com,Phedra.Nikaniki@gmail.com,doctor
880,Kaja,Brodench,Kaja.Brodench@yopmail.com,Kaja.Brodench@gmail.com,doctor
881,Edyth,Bonilla,Edyth.Bonilla@yopmail.com,Edyth.Bonilla@gmail.com,police officer
882,Selma,Marsden,Selma.Marsden@yopmail.com,Selma.Marsden@gmail.com,doctor
883,Charlena,Hillel,Charlena.Hillel@yopmail.com,Charlena.Hillel@gmail.com,firefighter
884,Elvira,Kiyoshi,Elvira.Kiyoshi@yopmail.com,Elvira.Kiyoshi@gmail.com,doctor
885,Corly,Gabrielli,Corly.Gabrielli@yopmail.com,Corly.Gabrielli@gmail.com,worker
886,Ottilie,Boycey,Ottilie.Boycey@yopmail.com,Ottilie.Boycey@gmail.com,firefighter
887,Genovera,Eldrid,Genovera.Eldrid@yopmail.com,Genovera.Eldrid@gmail.com,police officer
888,Nanete,Engdahl,Nanete.Engdahl@yopmail.com,Nanete.Engdahl@gmail.com,developer
889,Jaclyn,Saree,Jaclyn.Saree@yopmail.com,Jaclyn.Saree@gmail.com,developer
890,Monika,Kussell,Monika.Kussell@yopmail.com,Monika.Kussell@gmail.com,worker
891,Tatiania,Adalbert,Tatiania.Adalbert@yopmail.com,Tatiania.Adalbert@gmail.com,worker
892,Valli,O'Rourke,Valli.O'Rourke@yopmail.com,Valli.O'Rourke@gmail.com,doctor
893,Cassandra,Meter,Cassandra.Meter@yopmail.com,Cassandra.Meter@gmail.com,worker
894,Annice,Orlene,Annice.Orlene@yopmail.com,Annice.Orlene@gmail.com,developer
895,Riannon,Margret,Riannon.Margret@yopmail.com,Riannon.Margret@gmail.com,firefighter
896,Bernardine,Cordi,Bernardine.Cordi@yopmail.com,Bernardine.Cordi@gmail.com,doctor
897,Sidoney,Schenck,Sidoney.Schenck@yopmail.com,Sidoney.Schenck@gmail.com,firefighter
898,Katharina,Ciapas,Katharina.Ciapas@yopmail.com,Katharina.Ciapas@gmail.com,doctor
899,Felice,Luhe,Felice.Luhe@yopmail.com,Felice.Luhe@gmail.com,doctor
900,Rivalee,Lubin,Rivalee.Lubin@yopmail.com,Rivalee.Lubin@gmail.com,police officer
901,Merry,Faust,Merry.Faust@yopmail.com,Merry.Faust@gmail.com,doctor
902,Lacie,Norrie,Lacie.Norrie@yopmail.com,Lacie.Norrie@gmail.com,worker
903,Evaleen,Durante,Evaleen.Durante@yopmail.com,Evaleen.Durante@gmail.com,doctor
904,Tomasina,Drisko,Tomasina.Drisko@yopmail.com,Tomasina.Drisko@gmail.com,police officer
905,Shauna,Seligman,Shauna.Seligman@yopmail.com,Shauna.Seligman@gmail.com,worker
906,Ardeen,Therine,Ardeen.Therine@yopmail.com,Ardeen.Therine@gmail.com,worker
907,Florencia,Uund,Florencia.Uund@yopmail.com,Florencia.Uund@gmail.com,doctor
908,Kellen,Weide,Kellen.Weide@yopmail.com,Kellen.Weide@gmail.com,doctor
909,Ruthe,Reneta,Ruthe.Reneta@yopmail.com,Ruthe.Reneta@gmail.com,firefighter
910,Fred,Xerxes,Fred.Xerxes@yopmail.com,Fred.Xerxes@gmail.com,firefighter
911,Ellette,Hebner,Ellette.Hebner@yopmail.com,Ellette.Hebner@gmail.com,police officer
912,Alex,Alejoa,Alex.Alejoa@yopmail.com,Alex.Alejoa@gmail.com,police officer
913,Fayre,Bevin,Fayre.Bevin@yopmail.com,Fayre.Bevin@gmail.com,police officer
914,Louella,Federica,Louella.Federica@yopmail.com,Louella.Federica@gmail.com,firefighter
915,Merci,Cherianne,Merci.Cherianne@yopmail.com,Merci.Cherianne@gmail.com,firefighter
916,Loree,Bohlin,Loree.Bohlin@yopmail.com,Loree.Bohlin@gmail.com,doctor
917,Karena,Baylor,Karena.Baylor@yopmail.com,Karena.Baylor@gmail.com,developer
918,Genovera,Kolnick,Genovera.Kolnick@yopmail.com,Genovera.Kolnick@gmail.com,firefighter
919,Marika,Joli,Marika.Joli@yopmail.com,Marika.Joli@gmail.com,firefighter
920,Dagmar,Dorine,Dagmar.Dorine@yopmail.com,Dagmar.Dorine@gmail.com,police officer
921,Jere,Toor,Jere.Toor@yopmail.com,Jere.Toor@gmail.com,doctor
922,Emmey,Iaverne,Emmey.Iaverne@yopmail.com,Emmey.Iaverne@gmail.com,worker
923,Annabela,Iaverne,Annabela.Iaverne@yopmail.com,Annabela.Iaverne@gmail.com,doctor
924,Carolina,Grosz,Carolina.Grosz@yopmail.com,Carolina.Grosz@gmail.com,police officer
925,Sherrie,Idelia,Sherrie.Idelia@yopmail.com,Sherrie.Idelia@gmail.com,police officer
926,Heida,Chesna,Heida.Chesna@yopmail.com,Heida.Chesna@gmail.com,police officer
927,Christy,Nester,Christy.Nester@yopmail.com,Christy.Nester@gmail.com,worker
928,Cathie,Bergman,Cathie.Bergman@yopmail.com,Cathie.Bergman@gmail.com,firefighter
929,Cam,Erskine,Cam.Erskine@yopmail.com,Cam.Erskine@gmail.com,police officer
930,Gianina,Iphlgenia,Gianina.Iphlgenia@yopmail.com,Gianina.Iphlgenia@gmail.com,firefighter
931,Riannon,Peg,Riannon.Peg@yopmail.com,Riannon.Peg@gmail.com,police officer
932,Bernardine,Lattie,Bernardine.Lattie@yopmail.com,Bernardine.Lattie@gmail.com,police officer
933,Dennie,Vary,Dennie.Vary@yopmail.com,Dennie.Vary@gmail.com,doctor
934,Dominga,Hutchison,Dominga.Hutchison@yopmail.com,Dominga.Hutchison@gmail.com,police officer
935,Nanete,Lynn,Nanete.Lynn@yopmail.com,Nanete.Lynn@gmail.com,firefighter
936,Elmira,Heisel,Elmira.Heisel@yopmail.com,Elmira.Heisel@gmail.com,firefighter
937,Marcy,Aaberg,Marcy.Aaberg@yopmail.com,Marcy.Aaberg@gmail.com,developer
938,Corina,Christal,Corina.Christal@yopmail.com,Corina.Christal@gmail.com,worker
939,Elie,Ciapas,Elie.Ciapas@yopmail.com,Elie.Ciapas@gmail.com,doctor
940,Addia,Maples,Addia.Maples@yopmail.com,Addia.Maples@gmail.com,police officer
941,Genevra,Denis,Genevra.Denis@yopmail.com,Genevra.Denis@gmail.com,firefighter
942,Mignon,Marcellus,Mignon.Marcellus@yopmail.com,Mignon.Marcellus@gmail.com,police officer
943,Ada,Ranjiv,Ada.Ranjiv@yopmail.com,Ada.Ranjiv@gmail.com,developer
944,Steffane,Sibyls,Steffane.Sibyls@yopmail.com,Steffane.Sibyls@gmail.com,firefighter
945,Deirdre,Aloise,Deirdre.Aloise@yopmail.com,Deirdre.Aloise@gmail.com,police officer
946,Darlleen,Ledah,Darlleen.Ledah@yopmail.com,Darlleen.Ledah@gmail.com,doctor
947,Oona,Jammal,Oona.Jammal@yopmail.com,Oona.Jammal@gmail.com,police officer
948,Caryl,Llovera,Caryl.Llovera@yopmail.com,Caryl.Llovera@gmail.com,police officer
949,Dolli,Decato,Dolli.Decato@yopmail.com,Dolli.Decato@gmail.com,worker
950,Vita,Letsou,Vita.Letsou@yopmail.com,Vita.Letsou@gmail.com,police officer
951,Riannon,Corabella,Riannon.Corabella@yopmail.com,Riannon.Corabella@gmail.com,police officer
952,Konstance,Maribeth,Konstance.Maribeth@yopmail.com,Konstance.Maribeth@gmail.com,firefighter
953,Briney,Lowry,Briney.Lowry@yopmail.com,Briney.Lowry@gmail.com,developer
954,Allis,Baudin,Allis.Baudin@yopmail.com,Allis.Baudin@gmail.com,firefighter
955,Jerry,Llovera,Jerry.Llovera@yopmail.com,Jerry.Llovera@gmail.com,developer
956,Krystle,Podvin,Krystle.Podvin@yopmail.com,Krystle.Podvin@gmail.com,developer
957,Ruthe,Tannie,Ruthe.Tannie@yopmail.com,Ruthe.Tannie@gmail.com,worker
958,Jordan,Glenden,Jordan.Glenden@yopmail.com,Jordan.Glenden@gmail.com,doctor
959,Oralee,Philipp,Oralee.Philipp@yopmail.com,Oralee.Philipp@gmail.com,firefighter
960,Codie,August,Codie.August@yopmail.com,Codie.August@gmail.com,developer
961,Lonnie,Hilbert,Lonnie.Hilbert@yopmail.com,Lonnie.Hilbert@gmail.com,doctor
962,Yolane,Chapland,Yolane.Chapland@yopmail.com,Yolane.Chapland@gmail.com,firefighter
963,Lonnie,Natica,Lonnie.Natica@yopmail.com,Lonnie.Natica@gmail.com,firefighter
964,Sallie,Mullane,Sallie.Mullane@yopmail.com,Sallie.Mullane@gmail.com,firefighter
965,Maridel,Baylor,Maridel.Baylor@yopmail.com,Maridel.Baylor@gmail.com,doctor
966,Cassondra,Kesley,Cassondra.Kesley@yopmail.com,Cassondra.Kesley@gmail.com,worker
967,Aaren,Read,Aaren.Read@yopmail.com,Aaren.Read@gmail.com,worker
968,Gavrielle,Corrine,Gavrielle.Corrine@yopmail.com,Gavrielle.Corrine@gmail.com,doctor
969,Arlina,Raul,Arlina.Raul@yopmail.com,Arlina.Raul@gmail.com,developer
970,Joelly,Fiester,Joelly.Fiester@yopmail.com,Joelly.Fiester@gmail.com,doctor
971,Aurore,Tatianas,Aurore.Tatianas@yopmail.com,Aurore.Tatianas@gmail.com,police officer
972,Marguerite,Drisko,Marguerite.Drisko@yopmail.com,Marguerite.Drisko@gmail.com,firefighter
973,Cyndie,Knowling,Cyndie.Knowling@yopmail.com,Cyndie.Knowling@gmail.com,worker
974,Winny,Glenden,Winny.Glenden@yopmail.com,Winny.Glenden@gmail.com,firefighter
975,Verla,Dreda,Verla.Dreda@yopmail.com,Verla.Dreda@gmail.com,police officer
976,Bertine,Jenness,Bertine.Jenness@yopmail.com,Bertine.Jenness@gmail.com,developer
977,Di,Cavan,Di.Cavan@yopmail.com,Di.Cavan@gmail.com,worker
978,Alameda,Monaco,Alameda.Monaco@yopmail.com,Alameda.Monaco@gmail.com,firefighter
979,Gui,Wiener,Gui.Wiener@yopmail.com,Gui.Wiener@gmail.com,worker
980,Hannis,Fiann,Hannis.Fiann@yopmail.com,Hannis.Fiann@gmail.com,developer
981,Carmela,Adamsen,Carmela.Adamsen@yopmail.com,Carmela.Adamsen@gmail.com,developer
982,Carolina,Martsen,Carolina.Martsen@yopmail.com,Carolina.Martsen@gmail.com,firefighter
983,Charmaine,Corrine,Charmaine.Corrine@yopmail.com,Charmaine.Corrine@gmail.com,worker
984,Paola,Goddard,Paola.Goddard@yopmail.com,Paola.Goddard@gmail.com,worker
985,Ardys,Barbey,Ardys.Barbey@yopmail.com,Ardys.Barbey@gmail.com,doctor
986,Orelia,Pond,Orelia.Pond@yopmail.com,Orelia.Pond@gmail.com,doctor
987,Tilly,Fosque,Tilly.Fosque@yopmail.com,Tilly.Fosque@gmail.com,police officer
988,Keelia,Taima,Keelia.Taima@yopmail.com,Keelia.Taima@gmail.com,worker
989,Phylis,Sadowski,Phylis.Sadowski@yopmail.com,Phylis.Sadowski@gmail.com,developer
990,Arlina,Arne,Arlina.Arne@yopmail.com,Arlina.Arne@gmail.com,police officer
991,Angela,Brackely,Angela.Brackely@yopmail.com,Angela.Brackely@gmail.com,developer
992,Cassandra,Kussell,Cassandra.Kussell@yopmail.com,Cassandra.Kussell@gmail.com,police officer
993,Arlena,Rhu,Arlena.Rhu@yopmail.com,Arlena.Rhu@gmail.com,worker
994,Bettine,Chinua,Bettine.Chinua@yopmail.com,Bettine.Chinua@gmail.com,doctor
995,Eve,Tatianas,Eve.Tatianas@yopmail.com,Eve.Tatianas@gmail.com,worker
996,Randa,Candy,Randa.Candy@yopmail.com,Randa.Candy@gmail.com,doctor
997,Rozele,Penelopa,Rozele.Penelopa@yopmail.com,Rozele.Penelopa@gmail.com,worker
998,Michaelina,Clarissa,Michaelina.Clarissa@yopmail.com,Michaelina.Clarissa@gmail.com,doctor
999,Elfreda,Cullin,Elfreda.Cullin@yopmail.com,Elfreda.Cullin@gmail.com,firefighter
1000,Clary,Waldron,Clary.Waldron@yopmail.com,Clary.Waldron@gmail.com,worker
1001,Natka,Raama,Natka.Raama@yopmail.com,Natka.Raama@gmail.com,firefighter
1002,Sindee,Hutchison,Sindee.Hutchison@yopmail.com,Sindee.Hutchison@gmail.com,doctor
1003,Harrietta,Bord,Harrietta.Bord@yopmail.com,Harrietta.Bord@gmail.com,developer
1004,Amelia,Caitlin,Amelia.Caitlin@yopmail.com,Amelia.Caitlin@gmail.com,doctor
1005,Stacey,Jerald,Stacey.Jerald@yopmail.com,Stacey.Jerald@gmail.com,developer
1006,Clarice,August,Clarice.August@yopmail.com,Clarice.August@gmail.com,developer
1007,Suzette,Chapland,Suzette.Chapland@yopmail.com,Suzette.Chapland@gmail.com,developer
1008,Marsiella,Payson,Marsiella.Payson@yopmail.com,Marsiella.Payson@gmail.com,worker
1009,Kary,Lea,Kary.Lea@yopmail.com,Kary.Lea@gmail.com,police officer
1010,Jany,Urias,Jany.Urias@yopmail.com,Jany.Urias@gmail.com,worker
1011,Lusa,Caitlin,Lusa.Caitlin@yopmail.com,Lusa.Caitlin@gmail.com,doctor
1012,Stacey,Eugenia,Stacey.Eugenia@yopmail.com,Stacey.Eugenia@gmail.com,police officer
1013,Marline,Millda,Marline.Millda@yopmail.com,Marline.Millda@gmail.com,developer
1014,Lorne,Arquit,Lorne.Arquit@yopmail.com,Lorne.Arquit@gmail.com,firefighter
1015,Robinia,Kress,Robinia.Kress@yopmail.com,Robinia.Kress@gmail.com,police officer
1016,Sarette,Ranjiv,Sarette.Ranjiv@yopmail.com,Sarette.Ranjiv@gmail.com,police officer
1017,Aubrie,Seumas,Aubrie.Seumas@yopmail.com,Aubrie.Seumas@gmail.com,firefighter
1018,Dorene,Dex,Dorene.Dex@yopmail.com,Dorene.Dex@gmail.com,doctor
1019,Helsa,Daveta,Helsa.Daveta@yopmail.com,Helsa.Daveta@gmail.com,worker
1020,Nataline,Bonilla,Nataline.Bonilla@yopmail.com,Nataline.Bonilla@gmail.com,doctor
1021,Ermengarde,Laverne,Ermengarde.Laverne@yopmail.com,Ermengarde.Laverne@gmail.com,doctor
1022,Sharai,Even,Sharai.Even@yopmail.com,Sharai.Even@gmail.com,worker
1023,Leanna,Cordi,Leanna.Cordi@yopmail.com,Leanna.Cordi@gmail.com,developer
1024,Gertrud,Hourigan,Gertrud.Hourigan@yopmail.com,Gertrud.Hourigan@gmail.com,worker
1025,Brietta,Stevy,Brietta.Stevy@yopmail.com,Brietta.Stevy@gmail.com,police officer
1026,Stacey,Pascia,Stacey.Pascia@yopmail.com,Stacey.Pascia@gmail.com,worker
1027,Dianemarie,Dosia,Dianemarie.Dosia@yopmail.com,Dianemarie.Dosia@gmail.com,firefighter
1028,Shell,Podvin,Shell.Podvin@yopmail.com,Shell.Podvin@gmail.com,firefighter
1029,Ermengarde,Fredi,Ermengarde.Fredi@yopmail.com,Ermengarde.Fredi@gmail.com,police officer
1030,Bee,Sharl,Bee.Sharl@yopmail.com,Bee.Sharl@gmail.com,firefighter
1031,Shell,Harriman,Shell.Harriman@yopmail.com,Shell.Harriman@gmail.com,worker
1032,Kore,Konyn,Kore.Konyn@yopmail.com,Kore.Konyn@gmail.com,police officer
1033,Abbie,Mich,Abbie.Mich@yopmail.com,Abbie.Mich@gmail.com,worker
1034,Elena,Zachary,Elena.Zachary@yopmail.com,Elena.Zachary@gmail.com,firefighter
1035,Kittie,Craggie,Kittie.Craggie@yopmail.com,Kittie.Craggie@gmail.com,doctor
1036,Florencia,Uird,Florencia.Uird@yopmail.com,Florencia.Uird@gmail.com,worker
1037,Natka,Olin,Natka.Olin@yopmail.com,Natka.Olin@gmail.com,police officer
1038,Dorene,Orlene,Dorene.Orlene@yopmail.com,Dorene.Orlene@gmail.com,worker
1039,Sadie,Mata,Sadie.Mata@yopmail.com,Sadie.Mata@gmail.com,firefighter
1040,Darci,Neils,Darci.Neils@yopmail.com,Darci.Neils@gmail.com,firefighter
1041,Morganica,Bonilla,Morganica.Bonilla@yopmail.com,Morganica.Bonilla@gmail.com,worker
1042,Heida,Read,Heida.Read@yopmail.com,Heida.Read@gmail.com,firefighter
1043,Inga,Prouty,Inga.Prouty@yopmail.com,Inga.Prouty@gmail.com,developer
1044,Vanessa,Linskey,Vanessa.Linskey@yopmail.com,Vanessa.Linskey@gmail.com,worker
1045,Teriann,Fink,Teriann.Fink@yopmail.com,Teriann.Fink@gmail.com,police officer
1046,Gabriellia,Roarke,Gabriellia.Roarke@yopmail.com,Gabriellia.Roarke@gmail.com,firefighter
1047,Latisha,Verger,Latisha.Verger@yopmail.com,Latisha.Verger@gmail.com,police officer
1048,Doro,Anis,Doro.Anis@yopmail.com,Doro.Anis@gmail.com,doctor
1049,Misha,Nance,Misha.Nance@yopmail.com,Misha.Nance@gmail.com,developer
1050,Katuscha,Ioab,Katuscha.Ioab@yopmail.com,Katuscha.Ioab@gmail.com,developer
1051,Tori,Tippets,Tori.Tippets@yopmail.com,Tori.Tippets@gmail.com,developer
1052,Nerta,Gwenore,Nerta.Gwenore@yopmail.com,Nerta.Gwenore@gmail.com,worker
1053,Daphne,Lorenz,Daphne.Lorenz@yopmail.com,Daphne.Lorenz@gmail.com,worker
1054,Corene,Seessel,Corene.Seessel@yopmail.com,Corene.Seessel@gmail.com,police officer
1055,Valli,Lorenz,Valli.Lorenz@yopmail.com,Valli.Lorenz@gmail.com,developer
1056,Dyann,Amadas,Dyann.Amadas@yopmail.com,Dyann.Amadas@gmail.com,worker
1057,Georgetta,Hortensia,Georgetta.Hortensia@yopmail.com,Georgetta.Hortensia@gmail.com,firefighter
1058,Lorie,Helfand,Lorie.Helfand@yopmail.com,Lorie.Helfand@gmail.com,developer
1059,Sean,Graig,Sean.Graig@yopmail.com,Sean.Graig@gmail.com,police officer
1060,Charissa,Peg,Charissa.Peg@yopmail.com,Charissa.Peg@gmail.com,developer
1061,Hermione,Hortensia,Hermione.Hortensia@yopmail.com,Hermione.Hortensia@gmail.com,doctor
1062,Noelle,McClimans,Noelle.McClimans@yopmail.com,Noelle.McClimans@gmail.com,worker
1063,Phedra,Hashim,Phedra.Hashim@yopmail.com,Phedra.Hashim@gmail.com,doctor
1064,Tatiania,Brittani,Tatiania.Brittani@yopmail.com,Tatiania.Brittani@gmail.com,doctor
1065,Amelia,Chauncey,Amelia.Chauncey@yopmail.com,Amelia.Chauncey@gmail.com,doctor
1066,Viki,Rheingold,Viki.Rheingold@yopmail.com,Viki.Rheingold@gmail.com,police officer
1067,Coral,Francene,Coral.Francene@yopmail.com,Coral.Francene@gmail.com,firefighter
1068,Elena,Lemuela,Elena.Lemuela@yopmail.com,Elena.Lemuela@gmail.com,worker
1069,Delilah,Mozelle,Delilah.Mozelle@yopmail.com,Delilah.Mozelle@gmail.com,developer
1070,Letizia,Barrus,Letizia.Barrus@yopmail.com,Letizia.Barrus@gmail.com,doctor
1071,Dyann,Berard,Dyann.Berard@yopmail.com,Dyann.Berard@gmail.com,developer
1072,Wileen,Riordan,Wileen.Riordan@yopmail.com,Wileen.Riordan@gmail.com,doctor
1073,Tressa,McClimans,Tressa.McClimans@yopmail.com,Tressa.McClimans@gmail.com,firefighter
1074,Kelly,Ranjiv,Kelly.Ranjiv@yopmail.com,Kelly.Ranjiv@gmail.com,police officer
1075,Odessa,Anderea,Odessa.Anderea@yopmail.com,Odessa.Anderea@gmail.com,worker
1076,Belva,Connelly,Belva.Connelly@yopmail.com,Belva.Connelly@gmail.com,doctor
1077,Antonietta,Vilma,Antonietta.Vilma@yopmail.com,Antonietta.Vilma@gmail.com,worker
1078,Teddie,Idelia,Teddie.Idelia@yopmail.com,Teddie.Idelia@gmail.com,doctor
1079,Tobe,Garbe,Tobe.Garbe@yopmail.com,Tobe.Garbe@gmail.com,police officer
1080,Judy,Strephon,Judy.Strephon@yopmail.com,Judy.Strephon@gmail.com,firefighter
1081,Misha,Jehu,Misha.Jehu@yopmail.com,Misha.Jehu@gmail.com,doctor
1082,Roseline,Gavrila,Roseline.Gavrila@yopmail.com,Roseline.Gavrila@gmail.com,worker
1083,Babita,Bendick,Babita.Bendick@yopmail.com,Babita.Bendick@gmail.com,developer
1084,Nessie,Bebe,Nessie.Bebe@yopmail.com,Nessie.Bebe@gmail.com,police officer
1085,Mamie,Crudden,Mamie.Crudden@yopmail.com,Mamie.Crudden@gmail.com,doctor
1086,Emelina,Pozzy,Emelina.Pozzy@yopmail.com,Emelina.Pozzy@gmail.com,doctor
1087,Jerry,Hanshaw,Jerry.Hanshaw@yopmail.com,Jerry.Hanshaw@gmail.com,doctor
1088,Alexine,Gavrila,Alexine.Gavrila@yopmail.com,Alexine.Gavrila@gmail.com,developer
1089,Fred,Zina,Fred.Zina@yopmail.com,Fred.Zina@gmail.com,doctor
1090,Chandra,Vins,Chandra.Vins@yopmail.com,Chandra.Vins@gmail.com,developer
1091,Corly,Baylor,Corly.Baylor@yopmail.com,Corly.Baylor@gmail.com,worker
1092,Amalie,Gale,Amalie.Gale@yopmail.com,Amalie.Gale@gmail.com,developer
1093,Elbertina,Madelene,Elbertina.Madelene@yopmail.com,Elbertina.Madelene@gmail.com,police officer
1094,Maisey,Prouty,Maisey.Prouty@yopmail.com,Maisey.Prouty@gmail.com,worker
1095,Antonietta,Hollingsworth,Antonietta.Hollingsworth@yopmail.com,Antonietta.Hollingsworth@gmail.com,worker
1096,Emelina,Cressida,Emelina.Cressida@yopmail.com,Emelina.Cressida@gmail.com,worker
1097,Selia,Cimbura,Selia.Cimbura@yopmail.com,Selia.Cimbura@gmail.com,developer
1098,Anica,Land,Anica.Land@yopmail.com,Anica.Land@gmail.com,firefighter
1099,Lorenza,Ventre,Lorenza.Ventre@yopmail.com,Lorenza.Ventre@gmail.com,developer